 # Output:
 # ToW (GPS)
 # X ECEF
 # Y ECEF
 # Z ECEF
 # X-VEL ECEF
 # Y-VEL ECEF
 # Z-VEL ECEF
 # C(1,1) (g-frame to platform frame)
 # C(1,2) (g-frame to platform frame)
 # C(1,3) (g-frame to platform frame)
 # C(2,1) (g-frame to platform frame)
 # C(2,2) (g-frame to platform frame)
 # C(2,3) (g-frame to platform frame)
 # C(3,1) (g-frame to platform frame)
 # C(3,2) (g-frame to platform frame)
 # C(3,3) (g-frame to platform frame)
 # 
 198300.000259 3208319.5845  633237.6578 5458116.3716        -54.8084         -4.6903         32.4978    0.994637    0.099168   -0.029369   -0.102838    0.918074   -0.382837   -0.011003    0.383804    0.923349
 198301.000439 3208265.0443  633231.0008 5458148.9399        -54.2343         -8.6225         32.5850    0.998582    0.044291   -0.029532   -0.052236    0.922158   -0.383270    0.010258    0.384269    0.923164
 198302.000608 3208211.1650  633220.4095 5458181.5232        -53.4424        -12.5973         32.5886    0.999471   -0.011295   -0.030487   -0.001352    0.922466   -0.386076    0.032484    0.385913    0.921963
 198303.000787 3208158.2336  633205.7791 5458214.1233        -52.3859        -16.6449         32.5625    0.997529   -0.063423   -0.030223    0.046684    0.919856   -0.389469    0.052502    0.387096    0.920544
 198304.000966 3208106.3768  633187.1954 5458246.5647        -51.2905        -20.4914         32.2925    0.992739   -0.116736   -0.029021    0.096792    0.918465   -0.383474    0.071420    0.377881    0.923095
 198305.001136 3208055.7043  633164.8284 5458278.7159        -50.0217        -24.2054         31.9668    0.984612   -0.172209   -0.029717    0.148664    0.914799   -0.375556    0.091859    0.365359    0.926323
 198306.001315 3208006.3839  633138.8044 5458310.4937        -48.5911        -27.8010         31.5423    0.973890   -0.225027   -0.030017    0.198243    0.907406   -0.370560    0.110623    0.354934    0.928323
 198307.001493 3207958.5547  633109.2609 5458341.7941        -47.0228        -31.2722         31.0251    0.960664   -0.276102   -0.029863    0.245683    0.895076   -0.372129    0.129475    0.350154    0.927701
 198308.001664 3207912.3645  633076.2553 5458372.4946        -45.3175        -34.7246         30.3450    0.945023   -0.325678   -0.029403    0.291205    0.879065   -0.377418    0.148764    0.348107    0.925576
 198309.001842 3207867.9648  633039.8262 5458402.4652        -43.4253        -38.1185         29.5874    0.926494   -0.375067   -0.030563    0.335956    0.860998   -0.381859    0.169537    0.343522    0.923715
 198310.002022 3207825.5875  633000.0291 5458431.6749        -41.2875        -41.4410         28.8048    0.904737   -0.424793   -0.031640    0.381180    0.840524   -0.384995    0.190137    0.336259    0.922376
 198311.002191 3207785.4089  632956.9636 5458460.0155        -39.0307        -44.6589         27.8456    0.879925   -0.474071   -0.031451    0.426624    0.817522   -0.386846    0.209104    0.326977    0.921608
 198312.002370 3207747.6118  632910.7227 5458487.3887        -36.5245        -47.7785         26.8819    0.852705   -0.521393   -0.032314    0.470506    0.793415   -0.386156    0.226977    0.314073    0.921867
 198313.002549 3207712.3384  632861.4537 5458513.7069        -33.9946        -50.7149         25.7270    0.823464   -0.566507   -0.031249    0.513206    0.767209   -0.384721    0.241921    0.300767    0.922504
 198314.002719 3207679.6680  632809.3184 5458538.8451        -31.3190        -53.5055         24.5313    0.791484   -0.610414   -0.030790    0.554910    0.738805   -0.382416    0.256180    0.285590    0.923477
 198315.002898 3207649.7298  632754.4709 5458562.7424        -28.5395        -56.1405         23.2340    0.757866   -0.651741   -0.029536    0.594196    0.708227   -0.381242    0.269390    0.271380    0.924003
 198316.003076 3207622.5835  632697.0842 5458585.2894        -25.7375        -58.5755         21.8424    0.722373   -0.690899   -0.028895    0.631789    0.676403   -0.378578    0.281104    0.255219    0.925118
 198317.003247 3207598.2583  632637.3503 5458606.3894        -22.9177        -60.8298         20.3261    0.684877   -0.728105   -0.028401    0.667427    0.642488   -0.376497    0.292376    0.238899    0.925983
 198318.003425 3207576.8185  632575.4495 5458625.9613        -19.9261        -62.9162         18.8130    0.645049   -0.763544   -0.030211    0.700014    0.606308   -0.377321    0.306418    0.222242    0.925590
 198319.003596 3207558.4359  632511.5544 5458644.0043        -16.8360        -64.8172         17.2500    0.603725   -0.796622   -0.030158    0.731054    0.568328   -0.377577    0.317926    0.205905    0.925487
 198320.003774 3207543.1692  632445.8461 5458660.4250        -13.6549        -66.5482         15.5919    0.560371   -0.827686   -0.030331    0.759511    0.528130   -0.379765    0.330345    0.189772    0.924586
 198321.003953 3207531.1004  632378.5064 5458675.1605        -10.4265        -68.0828         13.8795    0.514950   -0.856672   -0.030664    0.786309    0.486296   -0.381097    0.341387    0.172134    0.924026
 198322.004123 3207522.3239  632309.7240 5458688.1754         -7.1407        -69.4193         12.1139    0.467692   -0.883350   -0.030919    0.811314    0.442909   -0.381577    0.350761    0.153376    0.923820
 198323.004302 3207516.8439  632239.7095 5458699.3742         -3.7740        -70.5515         10.2861    0.417315   -0.908211   -0.031650    0.834638    0.396820   -0.381985    0.359482    0.132991    0.923627
 198324.004481 3207514.8116  632168.6659 5458708.7385         -0.2937        -71.4728          8.4197    0.367324   -0.929538   -0.032122    0.854387    0.350872   -0.383290    0.367553    0.113347    0.923069
 198325.004651 3207516.2489  632096.8143 5458716.2052          3.1596        -72.1725          6.5017    0.317565   -0.947684   -0.032367    0.872146    0.305309   -0.382293    0.372175    0.093174    0.923474
 198326.004830 3207521.1651  632024.3659 5458721.7585          6.6724        -72.6645          4.6028    0.266588   -0.963280   -0.031968    0.888066    0.258391   -0.380226    0.374525    0.072974    0.924341
 198327.005008 3207529.5385  631951.5214 5458725.3759         10.0498        -72.9688          2.6102    0.214747   -0.976190   -0.030609    0.901408    0.210166   -0.378541    0.375961    0.053699    0.925078
 198328.005179 3207541.2336  631878.4698 5458726.9516         13.3655        -73.0720          0.5517    0.161402   -0.986387   -0.031450    0.910712    0.161145   -0.380311    0.380202    0.032741    0.924324
 198329.005357 3207556.3503  631805.4306 5458726.5390         16.8961        -72.9364         -1.3721    0.106921   -0.993739   -0.032417    0.917054    0.111163   -0.382955    0.384161    0.011217    0.923198
 198330.005536 3207574.9451  631732.6295 5458724.1565         20.2559        -72.6107         -3.4149    0.052189   -0.998160   -0.030879    0.921515    0.060051   -0.383671    0.384819   -0.008432    0.922954
 198331.005706 3207596.8829  631660.2533 5458719.6735         23.6529        -72.0737         -5.5289   -0.003680   -0.999517   -0.030869    0.921914    0.008567   -0.387299    0.387376   -0.029883    0.921437
 198332.005885 3207622.2699  631588.5378 5458713.1269         27.1148        -71.2895         -7.5505   -0.059201   -0.997752   -0.031394    0.921663   -0.042552   -0.385652    0.383449   -0.051766    0.922110
 198333.006064 3207651.0468  631517.7097 5458704.5640         30.3838        -70.3181         -9.5909   -0.115411   -0.992857   -0.030252    0.918627   -0.095097   -0.383510    0.377894   -0.072052    0.923041
 198334.006234 3207683.0143  631447.9395 5458693.9574         33.5658        -69.1513        -11.6054   -0.173526   -0.984347   -0.030807    0.915275   -0.149644   -0.374004    0.363540   -0.093096    0.926915
 198335.006413 3207718.1854  631379.4601 5458681.4104         36.6872        -67.7741        -13.5066   -0.225933   -0.973653   -0.030893    0.908208   -0.199066   -0.368146    0.352297   -0.111234    0.929255
 198336.006583 3207756.3010  631312.3971 5458666.9159         39.5212        -66.2982        -15.4851   -0.277897   -0.960139   -0.030111    0.896782   -0.248069   -0.366393    0.344319   -0.128822    0.929973
 198337.006762 3207797.2872  631246.9388 5458650.4558         42.4133        -64.5648        -17.4311   -0.326794   -0.944584   -0.031095    0.879942   -0.292096   -0.374676    0.344830   -0.149803    0.926634
 198338.006940 3207841.1257  631183.3135 5458632.0486         45.2759        -62.6081        -19.3779   -0.376249   -0.925969   -0.031906    0.858475   -0.335458   -0.387928    0.348506   -0.173349    0.921137
 198339.007110 3207887.8129  631121.7696 5458611.6926         48.0978        -60.4062        -21.3114   -0.427947   -0.903186   -0.033429    0.839187   -0.383345   -0.385761    0.335599   -0.193138    0.921993
 198340.007290 3207937.3280  631062.5500 5458589.4881         50.8710        -57.9765        -23.1088   -0.478843   -0.877186   -0.035399    0.815014   -0.429195   -0.389286    0.326283   -0.215258    0.920437
 198341.007468 3207989.5365  631005.8571 5458565.5086         53.4819        -55.3732        -24.8290   -0.527957   -0.848483   -0.036591    0.792977   -0.477078   -0.378924    0.304054   -0.229071    0.924704
 198342.007638 3208044.2612  630951.8330 5458539.8549         55.9182        -52.6340        -26.4507   -0.572752   -0.818907   -0.036697    0.768959   -0.521230   -0.370165    0.284003   -0.240231    0.928241
 198343.007817 3208101.3133  630900.5828 5458512.6161         58.0909        -49.8681        -28.0276   -0.612250   -0.789919   -0.034321    0.744082   -0.560956   -0.362865    0.267382   -0.247702    0.931209
 198344.007996 3208160.3560  630852.0624 5458483.7779         59.9790        -47.1236        -29.5891   -0.652352   -0.757106   -0.035040    0.714573   -0.598977   -0.361402    0.252632   -0.260800    0.931751
 198345.008166 3208221.2971  630806.4100 5458453.4647         61.8749        -44.1335        -31.0048   -0.691303   -0.721688   -0.035583    0.680282   -0.633461   -0.368705    0.243549   -0.279093    0.928865
 198346.008345 3208284.0606  630763.8187 5458421.7531         63.5731        -41.0250        -32.4349   -0.728544   -0.684082   -0.035434    0.644606   -0.667164   -0.373331    0.231749   -0.294829    0.927021
 198347.008523 3208348.4548  630724.4300 5458388.6112         65.2016        -37.6831        -33.7935   -0.764193   -0.643906   -0.037336    0.606632   -0.697879   -0.380739    0.219104   -0.313607    0.923929
 198348.008694 3208414.4765  630688.5166 5458354.2000         66.7848        -34.1072        -35.0073   -0.797468   -0.602182   -0.037717    0.567280   -0.727019   -0.386828    0.205520   -0.329879    0.921380
 198349.008872 3208481.9440  630656.1572 5458318.6227         68.1247        -30.5669        -36.0915   -0.831399   -0.554456   -0.036797    0.524738   -0.761598   -0.380288    0.182829   -0.335479    0.924136
 198350.009052 3208550.6922  630627.4606 5458281.9804         69.2548        -26.8465        -37.2383   -0.861351   -0.506834   -0.034548    0.478718   -0.787048   -0.389083    0.170010   -0.351676    0.920555
 198351.009221 3208620.4162  630602.4633 5458244.1668         70.1802        -23.1149        -38.2955   -0.887922   -0.458565   -0.036215    0.436761   -0.815755   -0.379188    0.144340   -0.352507    0.924611
 198352.009400 3208691.0783  630581.2916 5458205.5008         71.0626        -19.2412        -39.0263   -0.911623   -0.409358   -0.037017    0.392631   -0.840637   -0.373055    0.121596   -0.354620    0.927070
 198353.009570 3208762.4352  630563.8919 5458166.0635         71.6080        -15.5506        -39.7988   -0.931969   -0.360931   -0.034090    0.348691   -0.866668   -0.356793    0.099233   -0.344407    0.933561
 198354.009749 3208834.2900  630550.1420 5458125.9659         72.0367        -11.9859        -40.3716   -0.948997   -0.313613   -0.032441    0.306184   -0.892163   -0.332109    0.075211   -0.325103    0.942683
 198355.009928 3208906.4830  630539.8275 5458085.3545         72.2749         -8.7458        -40.8382   -0.962160   -0.270869   -0.029638    0.267630   -0.918963   -0.289623    0.051214   -0.286595    0.956682
 198356.010098 3208978.7855  630532.4383 5458044.2445         72.2701         -6.1036        -41.3632   -0.972122   -0.232838   -0.027654    0.232545   -0.942295   -0.240838    0.030018   -0.240555    0.970171
 198357.010276 3209051.1146  630527.4651 5458002.7890         72.2983         -3.9433        -41.6075   -0.978889   -0.202742   -0.025930    0.204203   -0.964590   -0.166935    0.008833   -0.168705    0.985627
 198358.010456 3209123.3699  630524.2965 5457960.9840         72.1850         -2.5022        -41.9744   -0.982108   -0.186817   -0.023712    0.188267   -0.976904   -0.101060   -0.004284   -0.103716    0.994598
 198359.010626 3209195.5600  630522.2682 5457918.9208         72.1745         -1.6428        -42.1317   -0.983745   -0.178260   -0.021655    0.178800   -0.983535   -0.026254   -0.016618   -0.029699    0.999421
 198360.010805 3209267.6953  630520.6630 5457876.6306         72.1123         -1.7071        -42.3640   -0.983553   -0.179555   -0.019565    0.177873   -0.981720    0.067729   -0.031369    0.063135    0.997512
 198361.010983 3209339.8345  630518.5669 5457834.2318         72.1385         -2.5778        -42.4203   -0.981842   -0.188868   -0.017740    0.184089   -0.971204    0.151243   -0.045794    0.145231    0.988337
 198362.011153 3209411.9392  630515.2248 5457791.6917         72.0986         -4.2475        -42.5495   -0.977339   -0.210991   -0.017041    0.201025   -0.950359    0.237503   -0.066306    0.228695    0.971237
 198363.011333 3209484.0818  630509.8019 5457749.2330         72.1547         -6.7478        -42.3230   -0.969296   -0.245328   -0.016707    0.227765   -0.921357    0.315000   -0.092671    0.301523    0.948945
 198364.011511 3209556.1741  630501.4920 5457706.9545         72.0060         -9.9956        -42.1550   -0.956719   -0.290582   -0.015832    0.264668   -0.891437    0.367818   -0.120995    0.347709    0.929763
 198365.011681 3209628.1308  630489.6110 5457665.1092         71.8825        -13.8153        -41.4298   -0.939546   -0.341916   -0.018615    0.308328   -0.868393    0.388365   -0.148953    0.359147    0.921318
 198366.011860 3209699.8797  630473.8066 5457624.1103         71.5534        -17.7997        -40.5282   -0.918638   -0.394653   -0.018822    0.356655   -0.848804    0.390293   -0.170006    0.351825    0.920498
 198367.012038 3209771.1639  630454.0445 5457584.0157         70.9446        -21.7088        -39.6357   -0.894655   -0.446286   -0.020542    0.404547   -0.828777    0.386614   -0.189565    0.337576    0.922013
 198368.012209 3209841.7448  630430.3874 5457544.9286         70.1980        -25.6101        -38.4099   -0.867871   -0.496095   -0.026252    0.450120   -0.807604    0.381009   -0.210218    0.318850    0.924199
 198369.012388 3209911.4999  630402.8801 5457507.1917         69.2221        -29.3237        -37.1539   -0.840618   -0.540911   -0.027863    0.493533   -0.786152    0.372009   -0.223129    0.298966    0.927811
 198370.012557 3209980.1582  630371.8330 5457470.5955         68.0285        -32.7702        -36.0153   -0.809152   -0.586825   -0.030138    0.537402   -0.759797    0.365933   -0.237638    0.279900    0.930153
 198371.012737 3210047.5567  630337.3444 5457435.2990         66.7525        -36.1635        -34.4796   -0.776668   -0.628921   -0.035299    0.577920   -0.733738    0.357264   -0.250591    0.257076    0.933336
 198372.012915 3210113.6012  630299.5657 5457401.5552         65.2714        -39.3720        -33.0054   -0.744681   -0.666578   -0.033522    0.614030   -0.703930    0.357001   -0.261566    0.245268    0.933502
 198373.013086 3210178.0166  630258.7369 5457368.9897         63.5571        -42.2618        -32.0290   -0.709582   -0.703896   -0.031995    0.650843   -0.672147    0.353018   -0.269993    0.229671    0.935069
 198374.013264 3210240.7085  630214.9367 5457337.7366         61.7648        -45.3350        -30.4068   -0.670045   -0.741495   -0.034989    0.682157   -0.633643    0.364908   -0.292748    0.220637    0.930386
 198375.013444 3210301.4472  630168.0237 5457308.1691         59.6383        -48.5476        -28.5636   -0.632621   -0.773288   -0.042620    0.685015   -0.584382    0.435031   -0.361311    0.246014    0.899406
 198376.013613 3210359.7918  630117.6677 5457280.7217         56.9262        -52.2331        -26.1189   -0.578985   -0.813752   -0.050843    0.683712   -0.518543    0.513469   -0.444201    0.262529    0.856600
 198377.013792 3210414.9827  630063.5637 5457255.6357         53.3356        -55.9546        -23.9426   -0.497950   -0.865468   -0.054864    0.710667   -0.443505    0.546128   -0.496989    0.232955    0.835903
 198378.013971 3210466.2269  630005.5443 5457233.6522         49.0091        -59.9860        -20.1075   -0.410368   -0.909893   -0.060776    0.734010   -0.369121    0.570069   -0.541135    0.189328    0.819346
 198379.014141 3210512.8433  629943.7673 5457215.3699         44.1057        -63.4610        -16.4662   -0.323837   -0.944177   -0.060494    0.751614   -0.295572    0.589672   -0.574635    0.145489    0.805374
 198380.014320 3210554.3617  629878.8346 5457200.2427         38.8401        -66.3326        -13.8711   -0.238128   -0.970401   -0.040209    0.780533   -0.215845    0.586668   -0.577982    0.108318    0.808829
 198381.014499 3210590.4275  629811.1879 5457187.5188         33.2468        -68.8772        -11.4380   -0.151484   -0.987944   -0.031939    0.788417   -0.140252    0.598939   -0.596198    0.065548    0.800157
 198382.014668 3210620.7707  629741.1873 5457177.6896         27.3678        -71.0032         -8.0229   -0.051400   -0.997997   -0.036884    0.792632   -0.063235    0.606413   -0.607530    0.001934    0.794294
 198383.014848 3210645.0892  629669.3983 5457171.3550         21.2658        -72.4548         -4.8374    0.045965   -0.998494   -0.029951    0.790469    0.018024    0.612237   -0.610775   -0.051817    0.790107
 198384.015026 3210663.1644  629596.4644 5457168.4045         14.7964        -73.2571         -0.9628    0.153715   -0.987619   -0.031305    0.769858    0.099841    0.630357   -0.619427   -0.120996    0.775674
 198385.015197 3210674.5716  629523.1205 5457169.4007          7.9749        -73.2427          3.0626    0.267728   -0.962741   -0.038107    0.754885    0.185020    0.629218   -0.598724   -0.197226    0.776294
 198386.015375 3210679.1716  629450.3216 5457174.6751          1.3194        -72.2238          7.2658    0.365864   -0.930147   -0.031134    0.749338    0.274576    0.602578   -0.551938   -0.243792    0.797453
 198387.015545 3210677.3818  629378.6816 5457183.1780         -4.8764        -71.0044          9.5336    0.447693   -0.894048   -0.015764    0.719810    0.349872    0.599553   -0.530514   -0.279763    0.800180
 198388.015724 3210669.4154  629308.6402 5457194.2731        -11.0264        -68.9218         12.7305    0.535056   -0.844626   -0.017936    0.685632    0.421736    0.593336   -0.493583   -0.329766    0.804755
 198389.015903 3210655.4281  629241.0109 5457208.5696        -16.8591        -66.2679         15.6788    0.612974   -0.789948   -0.015651    0.648121    0.491395    0.581781   -0.451886   -0.366760    0.813195
 198390.016074 3210635.8247  629176.2278 5457225.4889        -22.2957        -63.1725         18.1424    0.686040   -0.727449   -0.012916    0.599514    0.555151    0.576533   -0.412228   -0.403268    0.816972
 198391.016252 3210610.9327  629114.8035 5457244.7775        -27.4301        -59.5715         20.4058    0.749781   -0.661683   -0.002148    0.541231    0.611417    0.577267   -0.380654   -0.433986    0.816553
 198392.016430 3210580.9886  629057.0781 5457265.9750        -32.4108        -55.6075         22.2588    0.811517   -0.584322    0.002693    0.475031    0.662402    0.579283   -0.340272   -0.468819    0.815122
 198393.016601 3210546.2083  629003.8096 5457289.3848        -37.1282        -51.0358         24.2026    0.859803   -0.510333    0.017272    0.406032    0.703807    0.582918   -0.309638   -0.494182    0.812347
 198394.016780 3210506.8521  628955.4506 5457314.7386        -41.4257        -45.4201         26.6730    0.910797   -0.412845   -0.002999    0.338771    0.743189    0.576979   -0.235974   -0.526526    0.816753
 198395.016959 3210463.5443  628913.0565 5457342.5939        -45.1053        -39.4212         28.7902    0.945087   -0.326812   -0.002136    0.268727    0.773361    0.574194   -0.186001   -0.543238    0.818716
 198396.017129 3210416.7094  628876.7665 5457372.0829        -48.4627        -33.1976         30.0056    0.972292   -0.233627   -0.008150    0.193414    0.784376    0.589361   -0.131298   -0.574607    0.807829
 198397.017307 3210366.9451  628846.9805 5457402.8476        -50.8799        -26.2077         31.5858    0.991758   -0.126933   -0.017443    0.114483    0.816769    0.565493   -0.057533   -0.562829    0.824568
 198398.017487 3210315.0678  628824.2217 5457434.8897        -52.7653        -19.3212         32.3900    0.999141   -0.036989   -0.018676    0.041131    0.830712    0.555181   -0.005021   -0.555472    0.831520
 198399.017656 3210261.6328  628808.2992 5457467.5358        -53.6863        -12.1046         33.2947    0.996942    0.064072   -0.044745   -0.028476    0.831023    0.555509    0.072777   -0.552535    0.830306
 198400.017835 3210207.7483  628799.8378 5457501.1232        -54.0202         -4.9507         33.6666    0.987472    0.151745   -0.043279   -0.103500    0.829888    0.548246    0.119110   -0.536898    0.835196
 198401.018014 3210153.6751  628798.1919 5457534.6031        -54.0034          1.6626         33.2295    0.968922    0.242333   -0.049640   -0.179826    0.827844    0.531354    0.169859   -0.505914    0.845694
 198402.018184 3210100.0137  628803.1740 5457567.6417        -53.0888          8.2547         32.9326    0.942771    0.326840   -0.066026   -0.251483    0.826984    0.502846    0.218952   -0.457464    0.861851
 198403.018363 3210047.4248  628814.2936 5457600.1461        -52.2040         13.7612         31.8195    0.916457    0.396343   -0.054951   -0.316994    0.802960    0.504748    0.244176   -0.445160    0.861516
 198404.018533 3209995.6589  628830.7838 5457631.1173        -51.0812         19.3852         30.2313    0.881107    0.469368   -0.057833   -0.369443    0.759496    0.535423    0.295234   -0.450399    0.842602
 198405.018712 3209945.1961  628852.8984 5457660.3360        -49.7991         24.8035         28.1133    0.842357    0.537119   -0.044024   -0.427666    0.715935    0.551850    0.327927   -0.446027    0.832781
 198406.018891 3209895.9381  628880.2734 5457687.0861        -48.5551         30.0610         25.3992    0.792892    0.608453   -0.033285   -0.486472    0.664939    0.566746    0.366971   -0.433176    0.823220
 198407.019061 3209848.4810  628913.1978 5457711.2760        -46.3615         35.6574         22.8709    0.733662    0.678862   -0.029791   -0.536638    0.605737    0.587454    0.416846   -0.415006    0.808709
 198408.019240 3209803.6102  628951.7860 5457732.8516        -42.9643         41.6694         20.4457    0.659105    0.751098   -0.037833   -0.597895    0.553854    0.579455    0.456182   -0.359301    0.814126
 198409.019418 3209762.5255  628996.2210 5457752.0321        -39.0684         47.1378         17.8803    0.583345    0.811093   -0.042867   -0.649085    0.497254    0.575697    0.488260   -0.308006    0.816538
 198410.019588 3209725.7719  629045.9831 5457768.6702        -34.4208         52.2311         15.2984    0.500727    0.864449   -0.044720   -0.688211    0.428913    0.585149    0.525013   -0.262224    0.809692
 198411.019768 3209693.5976  629100.4592 5457782.3490        -29.9895         56.5600         11.9180    0.411674    0.910474   -0.039509   -0.716314    0.350077    0.603606    0.563399   -0.220189    0.796303
 198412.019946 3209665.8804  629158.8890 5457792.5343        -25.5381         60.1110          8.3551    0.310362    0.950000   -0.034289   -0.759217    0.269418    0.592456    0.572071   -0.157843    0.804873
 198413.020117 3209643.1563  629220.7212 5457799.1980        -19.5828         63.4822          5.0138    0.194262    0.979940   -0.044490   -0.787714    0.182863    0.588276    0.584611   -0.079235    0.807436
 198414.020295 3209626.7508  629285.5780 5457802.5662        -13.3335         66.0048          1.7051    0.097334    0.994027   -0.049364   -0.812342    0.108004    0.573092    0.575001   -0.015681    0.818003
 198415.020474 3209616.1590  629352.4253 5457802.4934         -7.8154         67.5711         -1.8840    0.004112    0.998997   -0.044587   -0.820746    0.028844    0.570564    0.571278    0.034249    0.820042
 198416.020645 3209611.1210  629420.5501 5457798.7882         -2.2442         68.5634         -5.5597   -0.083458    0.995835   -0.036716   -0.823923   -0.048232    0.564646    0.560523    0.077375    0.824516
 198417.020823 3209611.3152  629489.3813 5457791.2405          2.5800         68.9922         -9.4823   -0.160144    0.986773   -0.025159   -0.817117   -0.118225    0.564219    0.553781    0.110914    0.825242
 198418.021002 3209616.1425  629558.4181 5457779.8183          7.6074         68.9715        -13.0843   -0.257365    0.965815   -0.031056   -0.812264   -0.198814    0.548361    0.523441    0.166355    0.835665
 198419.021172 3209626.7293  629627.1581 5457765.2659         13.6921         68.3512        -15.9365   -0.348483    0.936482   -0.039517   -0.797839   -0.274236    0.536887    0.491948    0.218624    0.842728
 198420.021351 3209643.1442  629694.9645 5457747.8520         19.0280         67.1708        -18.8537   -0.423164    0.905321   -0.036412   -0.777498   -0.342196    0.527635    0.465219    0.251586    0.848690
 198421.021529 3209664.7777  629761.3449 5457727.5484         24.2519         65.4869        -21.7158   -0.497053    0.867006   -0.035186   -0.756109   -0.412869    0.507778    0.425720    0.278997    0.860769
 198422.021699 3209691.1556  629825.9504 5457704.5716         28.2757         63.7671        -24.0142   -0.558275    0.828938   -0.034519   -0.785055   -0.514347    0.345161    0.268363    0.219794    0.937908
 198423.021879 3209721.0279  629889.0219 5457679.9535         31.2742         62.4279        -25.0617   -0.597708    0.800550   -0.043182   -0.787814   -0.576507    0.216770    0.148641    0.163585    0.975267
 198424.022049 3209753.4620  629950.9449 5457654.7585         33.4611         61.4310        -25.2690   -0.618363    0.784367   -0.048949   -0.780405   -0.605504    0.155992    0.092716    0.134660    0.986545
 198425.022227 3209787.5905  630011.9438 5457629.0704         34.6590         60.5543        -26.2290   -0.630671    0.774895   -0.042322   -0.771345   -0.619919    0.143971    0.085326    0.123443    0.988677
 198426.022407 3209822.8009  630072.1276 5457602.4800         35.7581         59.8318        -26.8084   -0.645066    0.762716   -0.046415   -0.762723   -0.639012    0.099579    0.046291    0.099637    0.993947
 198427.022576 3209858.9946  630131.6940 5457575.5233         36.5626         59.3229        -27.0537   -0.657435    0.752116   -0.045830   -0.753511   -0.656211    0.040109    0.000092    0.060903    0.998144
 198428.022755 3209895.7186  630190.8594 5457548.2346         36.7323         59.0358        -27.5996   -0.661415    0.748963   -0.039801   -0.749382   -0.662110   -0.006121   -0.030937    0.025777    0.999189
 198429.022934 3209932.4169  630249.8610 5457520.3787         36.7368         58.9768        -27.9121   -0.660007    0.750054   -0.042544   -0.750251   -0.660997   -0.014379   -0.038907    0.022429    0.998991
 198430.023104 3209969.2991  630308.8456 5457492.5645         36.9661         58.9419        -27.8495   -0.655280    0.754226   -0.041834   -0.755350   -0.654783    0.026562   -0.007359    0.049005    0.998771
 198431.023283 3210006.3852  630367.7168 5457464.5632         37.1935         58.7257        -28.3055   -0.658107    0.752000   -0.037310   -0.751703   -0.653410    0.089432    0.042874    0.086902    0.995294
 198432.023461 3210043.9159  630426.2331 5457435.9656         37.9327         58.2477        -28.8984   -0.670497    0.741070   -0.035335   -0.736848   -0.659609    0.148228    0.086540    0.125423    0.988322
 198433.023632 3210082.3865  630484.0884 5457406.6184         39.1421         57.3649        -29.7894   -0.688414    0.724493   -0.034568   -0.711443   -0.665201    0.226622    0.141191    0.180603    0.973369
 198434.023811 3210122.4403  630540.8352 5457376.3566         41.0143         56.0091        -30.8361   -0.713297    0.700161   -0.031341   -0.673159   -0.671969    0.308730    0.195100    0.241314    0.950633
 198435.023989 3210164.5172  630595.9652 5457344.7676         43.1858         54.1555        -32.3590   -0.745952    0.665411   -0.028002   -0.628433   -0.689331    0.360408    0.220517    0.286445    0.932374
 198436.024160 3210209.0284  630649.0100 5457311.7209         45.9246         51.8491        -33.6168   -0.783788    0.620299   -0.030106   -0.583868   -0.719504    0.376049    0.211601    0.312321    0.926110
 198437.024338 3210256.3771  630699.5629 5457277.5010         48.7265         49.1917        -34.8208   -0.819776    0.571884   -0.030277   -0.538287   -0.751413    0.381611    0.195487    0.329133    0.923827
 198438.024517 3210306.4205  630747.3451 5457242.0437         51.3303         46.3363        -36.0173   -0.850903    0.524311   -0.032586   -0.496712   -0.782818    0.374798    0.171002    0.335102    0.926534
 198439.024688 3210359.0685  630792.1988 5457205.6029         53.8958         43.3587        -36.8205   -0.879242    0.474943   -0.036907   -0.454336   -0.812751    0.364712    0.143221    0.337438    0.930389
 198440.024866 3210414.1093  630834.0509 5457168.3677         56.1296         40.3103        -37.6294   -0.904736    0.424183   -0.038992   -0.409374   -0.840530    0.354856    0.117750    0.337014    0.934107
 198441.025036 3210471.3686  630872.8018 5457130.4847         58.3258         37.1903        -38.0741   -0.925885    0.375503   -0.041650   -0.367699   -0.870297    0.327691    0.086801    0.318719    0.943866
 198442.025216 3210530.5694  630908.5601 5457092.1490         59.9715         34.3507        -38.6220   -0.942731    0.331226   -0.039342   -0.327948   -0.898883    0.290618    0.060897    0.286877    0.956030
 198443.025394 3210591.2586  630941.5825 5457053.2806         61.3485         31.7319        -39.0658   -0.955673    0.291695   -0.040031   -0.292118   -0.922368    0.252792    0.036815    0.253281    0.966692
 198444.025564 3210653.2149  630972.1127 5457014.0552         62.4798         29.3729        -39.3844   -0.965178    0.258405   -0.040731   -0.261010   -0.940862    0.215990    0.017491    0.219100    0.975546
 198445.025743 3210716.1120  631000.4938 5456974.4855         63.2696         27.4392        -39.7067   -0.972230    0.230399   -0.041054   -0.234028   -0.957209    0.170238   -0.000075    0.175119    0.984547
 198446.025922 3210779.7339  631027.1063 5456934.6768         63.9087         25.8117        -39.9156   -0.977411    0.207152   -0.041898   -0.211027   -0.967460    0.139600   -0.011616    0.145288    0.989321
 198447.026092 3210843.9036  631052.2210 5456894.6688         64.3987         24.4504        -40.0530   -0.981063    0.188697   -0.043683   -0.192439   -0.975190    0.109412   -0.021954    0.115747    0.993036
 198448.026270 3210908.5190  631076.1148 5456854.5784         64.7444         23.3725        -40.1749   -0.983698    0.174679   -0.042729   -0.177645   -0.980840    0.079974   -0.027941    0.086261    0.995881
 198449.026450 3210973.3680  631099.0761 5456814.2828         64.9470         22.5561        -40.3547   -0.985724    0.162719   -0.043260   -0.164993   -0.984729    0.055556   -0.033559    0.061901    0.997518
 198450.026620 3211038.4655  631121.3414 5456773.9651         65.1495         22.0332        -40.3474   -0.986674    0.157087   -0.042403   -0.158194   -0.987113    0.024132   -0.038065    0.030518    0.998809
 198451.026798 3211103.6262  631143.1953 5456733.4931         65.1711         21.6595        -40.5390   -0.987445    0.152010   -0.042968   -0.152655   -0.988205    0.012134   -0.040617    0.018541    0.999003
 198452.026978 3211168.8831  631164.7361 5456693.0160         65.3140         21.4465        -40.3814   -0.987261    0.152485   -0.045436   -0.152627   -0.988284   -0.000346   -0.044956    0.006594    0.998967
 198453.027147 3211234.2359  631186.1312 5456652.6678         65.3340         21.3418        -40.3583   -0.987551    0.151638   -0.041827   -0.151358   -0.988430   -0.009806   -0.042830   -0.003353    0.999077
 198454.027326 3211299.5309  631207.4534 5456612.2142         65.2496         21.3167        -40.4963   -0.987452    0.152483   -0.041079   -0.151936   -0.988258   -0.016161   -0.043061   -0.009717    0.999025
 198455.027505 3211364.8049  631228.7883 5456571.7402         65.2781         21.3395        -40.4371   -0.987256    0.153672   -0.041350   -0.153347   -0.988112   -0.010941   -0.042540   -0.004461    0.999085
 198456.027675 3211430.1192  631250.1399 5456531.3195         65.3119         21.3553        -40.4212   -0.987163    0.155218   -0.037649   -0.154959   -0.987873   -0.009702   -0.038699   -0.003743    0.999244
 198457.027854 3211495.4326  631271.4767 5456490.8180         65.2828         21.2960        -40.5890   -0.987126    0.156091   -0.034906   -0.156190   -0.987727    0.000103   -0.034462    0.005553    0.999391
 198458.028033 3211560.7232  631292.7481 5456450.1463         65.3197         21.2369        -40.6715   -0.987229    0.155254   -0.035720   -0.155395   -0.987852    0.001194   -0.035101    0.006729    0.999361
 198459.028203 3211626.1101  631313.9247 5456409.4751         65.3972         21.1087        -40.7148   -0.987376    0.154672   -0.034132   -0.154817   -0.987942    0.001625   -0.033469    0.006889    0.999416
 198460.028382 3211691.4968  631335.0109 5456368.6382         65.3594         21.0885        -40.9179   -0.987430    0.154312   -0.034211   -0.153312   -0.987717   -0.030170   -0.038446   -0.024546    0.998959
 198461.028552 3211756.8695  631356.2395 5456327.7413         65.3463         21.4401        -40.8344   -0.986670    0.158689   -0.036068   -0.154962   -0.983853   -0.089553   -0.049697   -0.082770    0.995329
 198462.028731 3211822.0773  631378.0887 5456286.8751         65.0130         22.3530        -40.8656   -0.984523    0.171286   -0.037083   -0.162955   -0.972571   -0.165986   -0.064497   -0.157374    0.985431
 198463.028909 3211886.8484  631401.1998 5456246.0698         64.4651         24.0002        -40.6841   -0.979906    0.195442   -0.039835   -0.179535   -0.951257   -0.250753   -0.086900   -0.238562    0.967231
 198464.029080 3211950.9014  631426.3511 5456205.5226         63.5417         26.4033        -40.3942   -0.971604    0.232726   -0.042714   -0.206588   -0.922384   -0.326388   -0.115358   -0.308295    0.944270
 198465.029259 3212013.8408  631454.2210 5456165.3508         62.2499         29.4161        -39.8880   -0.957832    0.283488   -0.046825   -0.246015   -0.893337   -0.376066   -0.148441   -0.348688    0.925409
 198466.029437 3212075.3172  631485.3674 5456125.8808         60.6142         32.9242        -38.9959   -0.938409    0.341954   -0.049550   -0.294419   -0.866403   -0.403316   -0.180846   -0.363887    0.913718
 198467.029608 3212134.9683  631520.1395 5456087.3916         58.6021         36.5831        -38.0102   -0.916089    0.398095   -0.047982   -0.345278   -0.844012   -0.410400   -0.203875   -0.359395    0.910643
 198468.029786 3212192.4748  631558.4472 5456049.8008         56.3784         39.9909        -37.1214   -0.890822    0.451980   -0.046368   -0.398706   -0.826576   -0.397248   -0.217875   -0.335390    0.916539
 198469.029965 3212247.7437  631600.0111 5456013.1502         54.1653         43.0608        -36.1188   -0.862749    0.503466   -0.046759   -0.458017   -0.817333   -0.349553   -0.214206   -0.280160    0.935749
 198470.030136 3212300.9085  631644.3852 5455977.5541         52.1819         45.5512        -35.1262   -0.837422    0.544715   -0.044832   -0.512536   -0.811137   -0.281715   -0.189819   -0.212936    0.958450
 198471.030314 3212352.2242  631690.8972 5455942.7502         50.4890         47.3467        -34.5353   -0.817487    0.574456   -0.041427   -0.555669   -0.805579   -0.205608   -0.151485   -0.145062    0.977757
 198472.030493 3212402.0701  631738.9077 5455908.4336         49.2713         48.5570        -34.1299   -0.804158    0.593181   -0.038289   -0.585354   -0.801459   -0.122574   -0.103395   -0.076156    0.991721
 198473.030664 3212450.9522  631787.8404 5455874.3765         48.5299         49.2080        -34.0592   -0.796762    0.603398   -0.032866   -0.601567   -0.797155   -0.051584   -0.057325   -0.021329    0.998128
 198474.030842 3212499.2650  631837.2245 5455840.2266         48.1581         49.5087        -34.1887   -0.795344    0.605377   -0.030765   -0.604980   -0.795938   -0.021950   -0.037774    0.001155    0.999286
 198475.031021 3212547.3294  631886.8523 5455806.0023         47.9438         49.7343        -34.2544   -0.795490    0.605260   -0.029249   -0.604020   -0.795877   -0.041717   -0.048528   -0.015519    0.998701
 198476.031191 3212595.1097  631936.7957 5455771.7594         47.5605         50.1846        -34.1808   -0.793555    0.607818   -0.028768   -0.602800   -0.791700   -0.099217   -0.083082   -0.061393    0.994650
 198477.031370 3212642.3758  631987.3587 5455737.7273         46.8766         50.9795        -33.8517   -0.785644    0.617905   -0.030932   -0.605664   -0.778355   -0.165330   -0.126235   -0.111156    0.985753
 198478.031548 3212688.7513  632038.8831 5455704.1144         45.7923         52.1358        -33.2649   -0.769427    0.637800   -0.034545   -0.615036   -0.754390   -0.229404   -0.172374   -0.155263    0.972718
 198479.031719 3212733.8450  632091.7814 5455671.3287         44.3052         53.6793        -32.2816   -0.745598    0.665332   -0.037646   -0.633407   -0.725111   -0.270204   -0.207073   -0.177619    0.962067
 198480.031898 3212777.2878  632146.3025 5455639.5932         42.5238         55.3508        -31.1586   -0.717110    0.695876   -0.038858   -0.661619   -0.697216   -0.275953   -0.219122   -0.172179    0.960385
 198481.032068 3212818.9050  632202.4741 5455609.0622         40.7177         56.9219        -29.9227   -0.688343    0.724312   -0.039449   -0.696857   -0.675394   -0.241316   -0.201432   -0.138617    0.969645
 198482.032247 3212858.8117  632260.0153 5455579.5876         39.1270         58.0717        -29.0918   -0.663719    0.747004   -0.038252   -0.731215   -0.658759   -0.177091   -0.157487   -0.089568    0.983451
 198483.032426 3212897.3227  632318.5102 5455550.7926         37.9797         58.8427        -28.5097   -0.647023    0.761596   -0.036509   -0.755476   -0.646824   -0.104284   -0.103037   -0.039892    0.993877
 198484.032595 3212934.9604  632377.6085 5455522.4505         37.3466         59.2802        -28.2462   -0.638048    0.769429   -0.029554   -0.768435   -0.638728   -0.039165   -0.049011   -0.002279    0.998796
 198485.032775 3212972.0988  632437.0107 5455494.1288         36.9631         59.4640        -28.4576   -0.637246    0.770313   -0.023136   -0.770545   -0.637383    0.001849   -0.013322    0.019005    0.999731
 198486.032953 3213009.0031  632496.5223 5455465.4995         36.8651         59.5326        -28.7705   -0.640347    0.767779   -0.021710   -0.767983   -0.640468    0.001735   -0.012573    0.017784    0.999763
 198487.033123 3213045.8441  632556.1199 5455436.6230         36.8046         59.6682        -28.9060   -0.641426    0.766845   -0.022819   -0.766464   -0.641829   -0.024256   -0.033247    0.001931    0.999445
 198488.033303 3213082.6297  632615.9205 5455407.8219         36.7058         59.9395        -28.6614   -0.638698    0.769101   -0.023415   -0.767432   -0.638929   -0.053091   -0.055792   -0.015940    0.998315
 198489.033481 3213119.1547  632676.0412 5455379.2156         36.3011         60.2969        -28.5474   -0.633661    0.773260   -0.023285   -0.770164   -0.633390   -0.075262   -0.072946   -0.029758    0.996892
 198490.033651 3213155.2790  632736.5905 5455350.9009         35.8830         60.7838        -28.1236   -0.625155    0.780117   -0.024468   -0.776206   -0.624694   -0.085219   -0.081766   -0.034283    0.996062
 198491.033830 3213190.8938  632797.6089 5455322.9287         35.3116         61.2493        -27.7842   -0.615753    0.787511   -0.025994   -0.783602   -0.615487   -0.084518   -0.082558   -0.031674    0.996083
 198492.034009 3213225.9968  632859.0813 5455295.3526         34.9394         61.6489        -27.3567   -0.608100    0.793404   -0.026905   -0.791189   -0.608484   -0.061384   -0.065074   -0.016041    0.997752
 198493.034179 3213260.7959  632920.8981 5455268.1412         34.6422         61.9535        -27.1053   -0.600416    0.799341   -0.023552   -0.798391   -0.600859   -0.039252   -0.045527   -0.004763    0.998952
 198494.034358 3213295.2844  632982.9749 5455240.9985         34.3365         62.1664        -27.1978   -0.597967    0.801280   -0.019650   -0.800941   -0.598287   -0.023359   -0.030473    0.001771    0.999534
 198495.034537 3213329.5046  633045.2221 5455213.6714         34.1445         62.2930        -27.4083   -0.597916    0.801258   -0.021935   -0.801280   -0.598206   -0.009984   -0.021122    0.011606    0.999710
 198496.034707 3213363.7069  633107.5754 5455186.3017         34.2218         62.3816        -27.3555   -0.596701    0.802107   -0.023901   -0.802313   -0.596901   -0.001565   -0.015522    0.018242    0.999713
 198497.034886 3213397.9334  633169.9880 5455158.8652         34.2349         62.4314        -27.4688   -0.596125    0.802555   -0.023241   -0.802809   -0.596230    0.002872   -0.011552    0.020370    0.999726
 198498.035065 3213432.2419  633232.4636 5455131.4167         34.3558         62.5119        -27.4045   -0.596659    0.802168   -0.022899   -0.802137   -0.597002   -0.012829   -0.023962    0.010714    0.999655
 198499.035234 3213466.5287  633295.0511 5455103.9467         34.1349         62.6611        -27.5639   -0.595598    0.803001   -0.021265   -0.801069   -0.595712   -0.058451   -0.059604   -0.017778    0.998064
 198500.035414 3213500.4600  633357.9135 5455076.5114         33.6169         63.0742        -27.2839   -0.588292    0.808291   -0.024063   -0.799839   -0.586005   -0.129830   -0.119042   -0.057132    0.991244
 198501.035584 3213533.5666  633421.2894 5455049.3869         32.4955         63.6956        -26.8973   -0.571197    0.820314   -0.028605   -0.799720   -0.564031   -0.205710   -0.184881   -0.094625    0.978195
 198502.035762 3213565.2976  633485.4395 5455022.9706         30.8462         64.6290        -25.8277   -0.543345    0.838774   -0.035126   -0.799052   -0.529540   -0.284787   -0.257473   -0.126670    0.957947
 198503.035942 3213594.9774  633550.6235 5454997.7372         28.3746         65.7404        -24.5924   -0.505692    0.861834   -0.038952   -0.798237   -0.484548   -0.357815   -0.327251   -0.149852    0.932980
 198504.036111 3213621.8833  633616.9873 5454974.0269         25.3357         66.9881        -22.6618   -0.453470    0.890140   -0.044906   -0.808644   -0.432094   -0.399236   -0.374780   -0.144729    0.915748
 198505.036290 3213645.5002  633684.5603 5454952.4291         21.8107         68.1070        -20.4810   -0.394474    0.917639   -0.048259   -0.824307   -0.376584   -0.422733   -0.406090   -0.126977    0.904968
 198506.036469 3213665.3561  633753.1585 5454933.0830         17.8551         69.0162        -18.2308   -0.335533    0.940730   -0.049437   -0.842847   -0.323233   -0.430267   -0.420745   -0.102701    0.901347
 198507.036639 3213681.2644  633822.5316 5454916.0762         13.9835         69.6614        -15.7323   -0.276377    0.959651   -0.051818   -0.869054   -0.272578   -0.412852   -0.410318   -0.069071    0.909323
 198508.036819 3213693.3827  633892.3937 5454901.5122         10.2620         69.9937        -13.4427   -0.221242    0.974016   -0.048422   -0.892200   -0.222205   -0.393198   -0.393741   -0.043790    0.918178
 198509.036997 3213701.8291  633962.4665 5454889.0983          6.6552         70.0969        -11.4117   -0.172929    0.983967   -0.043629   -0.907392   -0.176386   -0.381482   -0.383061   -0.026380    0.923346
 198510.037167 3213706.7492  634032.5351 5454878.4395          3.2150         69.9958         -9.8235   -0.121961    0.991649   -0.041937   -0.919634   -0.128796   -0.371059   -0.373362   -0.006688    0.927662
 198511.037346 3213708.3325  634102.4293 5454869.5996         -0.0059         69.7344         -7.7928   -0.068605    0.996675   -0.043953   -0.928798   -0.079891   -0.361872   -0.364181    0.015997    0.931191
 198512.037525 3213706.7923  634171.9701 5454862.7637         -3.0802         69.2968         -5.8903   -0.016173    0.999087   -0.039550   -0.931513   -0.029430   -0.362516   -0.363349    0.030979    0.931138
 198513.037695 3213702.0956  634240.9882 5454857.8019         -6.3452         68.6841         -4.0339    0.035824    0.998751   -0.034827   -0.927643    0.020269   -0.372917   -0.371746    0.045666    0.927211
 198514.037874 3213694.0914  634309.2967 5454854.5522         -9.6193         67.8846         -2.3619    0.085969    0.995663   -0.035570   -0.924706    0.066451   -0.374839   -0.370849    0.065116    0.926408
 198515.038053 3213682.8712  634376.7055 5454853.2695        -12.8026         66.8737         -0.2171    0.139206    0.989523   -0.038286   -0.919728    0.114863   -0.375375   -0.367045    0.087467    0.926082
 198516.038222 3213668.5197  634443.0005 5454854.0783        -15.8776         65.6739          1.7588    0.191690    0.980764   -0.036821   -0.914005    0.164723   -0.370757   -0.357560    0.104725    0.928000
 198517.038402 3213651.1285  634508.0166 5454856.7937        -18.8916         64.3129          3.5951    0.243885    0.969163   -0.035258   -0.904340    0.214141   -0.369206   -0.350270    0.121929    0.928679
 198518.038580 3213630.7578  634571.5733 5454861.3296        -21.8366         62.7399          5.4598    0.298607    0.953687   -0.036255   -0.884515    0.262283   -0.385800   -0.358424    0.147271    0.921870
 198519.038751 3213607.3846  634633.4173 5454867.6815        -24.8639         60.8852          7.2863    0.355690    0.933796   -0.038861   -0.867011    0.314154   -0.386781   -0.348966    0.171267    0.921352
 198520.038930 3213581.0846  634693.2428 5454876.2223        -27.7324         58.7154          9.6122    0.408872    0.911739   -0.039448   -0.845463    0.362169   -0.392461   -0.343535    0.193818    0.918922
 198521.039099 3213551.9348  634750.8305 5454886.7619        -30.5515         56.4315         11.3475    0.458877    0.887756   -0.036363   -0.825333    0.410740   -0.387451   -0.329026    0.207804    0.921173
 198522.039279 3213520.0655  634806.0665 5454899.0082        -33.1318         53.9881         13.1838    0.509056    0.859941   -0.036937   -0.800323    0.457098   -0.388000   -0.316774    0.227075    0.920919
 198523.039458 3213485.5634  634858.7102 5454913.0318        -35.9134         51.1609         14.9212    0.557837    0.829206   -0.035159   -0.746424    0.482724   -0.458071   -0.362863    0.281772    0.888220
 198524.039627 3213448.1252  634908.1992 5454928.8656        -38.9483         47.6635         16.8389    0.618346    0.784879   -0.040155   -0.688859    0.516687   -0.508437   -0.378314    0.342051    0.860163
 198525.039807 3213407.6728  634953.7277 5454946.9294        -41.9412         43.3277         19.1618    0.682789    0.729661   -0.037336   -0.633987    0.566314   -0.526640   -0.363125    0.383255    0.849268
 198526.039985 3213364.2545  634994.7591 5454967.0443        -44.8517         38.6517         21.0278    0.741669    0.670105   -0.029779   -0.578134    0.616103   -0.534956   -0.340130    0.413977    0.844355
 198527.040155 3213318.0084  635030.9843 5454988.8254        -47.6122         33.7858         22.4139    0.792822    0.609082   -0.021274   -0.519882    0.657671   -0.545153   -0.318051    0.443269    0.838067
 198528.040335 3213269.2025  635062.0649 5455012.1832        -49.9198         28.2639         24.3200    0.845859    0.532648   -0.028436   -0.456800    0.695823   -0.554224   -0.275420    0.481785    0.831882
 198529.040513 3213218.4725  635087.1833 5455037.7924        -51.5116         22.0127         26.6231    0.891540    0.451889   -0.030857   -0.390177    0.731616   -0.559017   -0.230039    0.510426    0.828582
 198530.040683 3213166.2283  635106.1659 5455065.0962        -52.8774         15.9439         27.9099    0.927827    0.372138   -0.025515   -0.323337    0.768275   -0.552455   -0.185987    0.520833    0.833152
 198531.040863 3213112.7632  635119.1390 5455093.3727        -53.9497          9.9682         28.6203    0.955931    0.292878   -0.020474   -0.255588    0.795849   -0.548907   -0.144468    0.529950    0.835633
 198532.041041 3213058.5369  635126.0479 5455122.4181        -54.3047          3.7931         29.5714    0.977713    0.208769   -0.022188   -0.189205    0.830392   -0.524071   -0.090985    0.516590    0.851385
 198533.041211 3213004.2524  635126.9018 5455152.3803        -54.1285         -1.9518         30.3721    0.991307    0.128238   -0.029413   -0.127664    0.883496   -0.450706   -0.031812    0.450543    0.892188
 198534.041390 3212950.6658  635122.3553 5455183.4715        -53.1050         -6.9392         31.5466    0.997521    0.060763   -0.035497   -0.069568    0.927508   -0.367273    0.010607    0.368832    0.929436
 198535.041569 3212897.9379  635113.6011 5455215.2251        -52.3300        -10.3179         31.9391    0.999103    0.017434   -0.038584   -0.026182    0.970563   -0.239420    0.033274    0.240215    0.970149
 198536.041739 3212845.8865  635102.1066 5455247.2260        -51.7730        -12.4746         32.0514    0.999019   -0.006955   -0.043732    0.001009    0.990908   -0.134540    0.044270    0.134364    0.989943
 198537.041918 3212794.4585  635089.0601 5455279.5195        -51.1419        -13.4607         32.4424    0.998727   -0.019822   -0.046383    0.017904    0.998982   -0.041411    0.047156    0.040528    0.998065
 198538.042097 3212743.4053  635075.3581 5455311.9037        -50.8810        -13.8274         32.4378    0.998531   -0.018818   -0.050815    0.018507    0.999807   -0.006586    0.050929    0.005636    0.998686
 198539.042267 3212692.6202  635061.4979 5455344.3440        -50.8193        -13.9101         32.2301    0.999106   -0.017647   -0.038414    0.017784    0.999837    0.003225    0.038351   -0.003905    0.999257
 198540.042446 3212641.6075  635047.5389 5455376.2348        -51.1852        -13.9749         31.5759    0.999408   -0.013644   -0.031582    0.014021    0.999833    0.011761    0.031416   -0.012197    0.999432
 198541.042616 3212590.3498  635033.5944 5455407.7243        -51.2720        -13.9076         31.4533    0.999338   -0.010583   -0.034817    0.011003    0.999868    0.011917    0.034686   -0.012292    0.999323
 198542.042795 3212539.0362  635019.7260 5455439.1414        -51.3442        -13.8089         31.3690    0.999408   -0.007359   -0.033594    0.007601    0.999946    0.007101    0.033540   -0.007352    0.999410
 198543.042974 3212487.6243  635005.9192 5455470.4422        -51.4519        -13.8051         31.2341    0.999424   -0.006608   -0.033286    0.006535    0.999976   -0.002308    0.033301    0.002089    0.999443
 198544.043144 3212436.1685  634992.0953 5455501.7039        -51.4299        -13.8506         31.2834    0.999368   -0.006599   -0.034938    0.006240    0.999927   -0.010372    0.035004    0.010147    0.999336
 198545.043323 3212384.7246  634978.1776 5455532.9689        -51.4406        -13.9819         31.2275    0.999324   -0.006977   -0.036098    0.006324    0.999815   -0.018166    0.036218    0.017926    0.999183
 198546.043502 3212333.3088  634964.1059 5455564.2075        -51.3431        -14.1723         31.2762    0.999157   -0.009129   -0.040028    0.008108    0.999640   -0.025594    0.040247    0.025248    0.998871
 198547.043672 3212282.0695  634949.8272 5455595.5867        -51.1542        -14.3908         31.3936    0.999109   -0.011134   -0.040700    0.009991    0.999553   -0.028191    0.040996    0.027760    0.998774
 198548.043851 3212230.9329  634935.3122 5455626.9235        -51.0757        -14.6236         31.3015    0.998977   -0.013685   -0.043093    0.012453    0.999510   -0.028724    0.043465    0.028158    0.998658
 198549.044029 3212179.9580  634920.5637 5455658.2839        -50.8710        -14.8677         31.3780    0.998850   -0.016620   -0.044968    0.015406    0.999511   -0.027208    0.045398    0.026484    0.998618
 198550.044200 3212129.1372  634905.5796 5455689.6355        -50.7583        -15.0814         31.3077    0.998790   -0.017956   -0.045773    0.016862    0.999566   -0.024160    0.046187    0.023358    0.998660
 198551.044379 3212078.4231  634890.4097 5455720.9108        -50.6035        -15.2412         31.3038    0.998635   -0.020643   -0.047981    0.019844    0.999657   -0.017073    0.048317    0.016098    0.998702
 198552.044558 3212027.9177  634875.1184 5455752.2589        -50.3986        -15.3309         31.3593    0.998635   -0.022458   -0.047149    0.021865    0.999676   -0.013053    0.047427    0.012004    0.998803
 198553.044727 3211977.5704  634859.7752 5455783.6044        -50.3074        -15.3591         31.2773    0.998679   -0.025628   -0.044528    0.025155    0.999621   -0.011144    0.044797    0.010009    0.998946
 198554.044907 3211927.3433  634844.3856 5455814.9313        -50.1262        -15.4109         31.3852    0.998710   -0.028217   -0.042213    0.027849    0.999569   -0.009280    0.042457    0.008092    0.999066
 198555.045086 3211877.1870  634828.9356 5455846.2221        -50.2211        -15.4838         31.1143    0.998855   -0.029130   -0.037961    0.028975    0.999569   -0.004632    0.038080    0.003527    0.999268
 198556.045255 3211826.9400  634813.4387 5455877.2782        -50.2104        -15.4757         31.0648    0.998736   -0.028064   -0.041695    0.028107    0.999605    0.000438    0.041666   -0.001610    0.999130
 198557.045435 3211776.7706  634797.9855 5455908.3775        -50.1285        -15.4436         31.0924    0.998775   -0.027728   -0.040978    0.027812    0.999612    0.001487    0.040921   -0.002625    0.999159
 198558.045614 3211726.6605  634782.5589 5455939.4743        -50.0713        -15.3747         31.1072    0.998916   -0.025045   -0.039234    0.025116    0.999684    0.001331    0.039189   -0.002315    0.999229
 198559.045783 3211676.5687  634767.2047 5455970.5423        -50.0947        -15.3492         31.0162    0.998943   -0.026937   -0.037240    0.026712    0.999622   -0.006525    0.037401    0.005523    0.999285
 198560.045962 3211626.4854  634751.8215 5456001.5692        -50.0461        -15.4096         31.0380    0.998939   -0.027392   -0.037029    0.026992    0.999572   -0.011258    0.037322    0.010247    0.999251
 198561.046133 3211576.4708  634736.3620 5456032.6594        -50.0007        -15.5182         31.0634    0.998995   -0.027344   -0.035510    0.026808    0.999521   -0.015481    0.035916    0.014514    0.999249
 198562.046311 3211526.4546  634720.7773 5456063.6923        -50.0131        -15.6235         31.0044    0.998985   -0.027628   -0.035578    0.027055    0.999498   -0.016482    0.036015    0.015502    0.999231
 198563.046490 3211476.4695  634705.0861 5456094.7349        -49.9281        -15.7671         31.0787    0.998872   -0.030692   -0.036237    0.030042    0.999380   -0.018354    0.036778    0.017245    0.999175
 198564.046661 3211426.5300  634689.2346 5456125.7795        -50.0447        -15.9094         30.8520    0.999117   -0.032757   -0.026315    0.033062    0.999390    0.011250    0.025930   -0.012111    0.999590
 198565.046839 3211376.2532  634673.4170 5456156.3898        -50.4505        -15.6047         30.4787    0.999203   -0.032202   -0.023575    0.034231    0.995221    0.091447    0.020517   -0.092181    0.995531
 198566.047018 3211325.5717  634658.2218 5456186.7725        -50.9681        -14.6900         30.1878    0.999616   -0.017103   -0.021797    0.020507    0.985736    0.167043    0.018629   -0.167426    0.985709
 198567.047189 3211274.2876  634644.2707 5456216.8486        -51.2774        -13.0236         30.5166    0.999581    0.011494   -0.026547   -0.005944    0.979703    0.200365    0.028311   -0.200124    0.979362
 198568.047367 3211222.8573  634632.2306 5456247.5320        -51.4395        -10.9268         31.0559    0.998425    0.047310   -0.030161   -0.040141    0.977906    0.205153    0.039201   -0.203619    0.978265
 198569.047546 3211171.4518  634622.4316 5456278.9461        -51.4231         -8.7143         31.5898    0.996496    0.076387   -0.034079   -0.067934    0.976810    0.203047    0.048799   -0.200020    0.978576
 198570.047716 3211119.9253  634614.7560 5456310.5674        -51.5794         -6.6179         31.6758    0.993951    0.103954   -0.035439   -0.094790    0.974943    0.201251    0.055472   -0.196674    0.978899
 198571.047895 3211068.2929  634609.1858 5456342.2810        -51.6472         -4.5128         31.7394    0.990584    0.131404   -0.038433   -0.121330    0.972616    0.198234    0.063429   -0.191704    0.979401
 198572.048074 3211016.5277  634605.6556 5456373.8858        -51.8917         -2.5386         31.4026    0.986956    0.157069   -0.035319   -0.146015    0.965740    0.214537    0.067806   -0.206582    0.976077
 198573.048244 3210964.5869  634604.1750 5456405.2184        -51.8971         -0.3749         31.3369    0.981478    0.187189   -0.040751   -0.174362    0.960974    0.214770    0.079363   -0.203687    0.975814
 198574.048423 3210912.6847  634604.8754 5456436.4801        -51.8815          1.7841         31.1672    0.975312    0.217184   -0.039968   -0.203861    0.955071    0.215128    0.084895   -0.201669    0.975768
 198575.048602 3210860.8143  634607.7273 5456467.5460        -51.8736          3.9000         30.8850    0.968324    0.246881   -0.037382   -0.233904    0.949258    0.210233    0.087388   -0.194830    0.976936
 198576.048772 3210808.9370  634612.6582 5456498.2646        -51.9027          5.9527         30.4608    0.960796    0.275126   -0.034311   -0.260357    0.937841    0.229497    0.095319   -0.211566    0.972704
 198577.048951 3210756.9794  634619.8205 5456528.3949        -51.9918          8.4572         29.7563    0.952159    0.303886   -0.032353   -0.278620    0.906703    0.316639    0.125557   -0.292477    0.947994
 198578.049130 3210704.9901  634629.8223 5456557.7631        -51.8240         11.7743         29.0789    0.934697    0.353286   -0.039120   -0.310044    0.864176    0.396324    0.173822   -0.358314    0.917277
 198579.049300 3210653.5941  634643.8776 5456586.6580        -50.8333         16.5488         28.6576    0.908522    0.415327   -0.045733   -0.342111    0.802236    0.489263    0.239893   -0.428860    0.870937
 198580.049479 3210603.1505  634662.9157 5456614.6176        -50.0339         21.6007         27.0930    0.874075    0.484626   -0.033630   -0.387846    0.737856    0.552399    0.292521   -0.469794    0.832901
 198581.049658 3210553.7383  634687.4244 5456640.7464        -48.6165         27.5527         25.1223    0.822637    0.567537   -0.034209   -0.436480    0.668938    0.601671    0.364354   -0.480025    0.798011
 198582.049828 3210506.3177  634718.2914 5456664.8386        -45.9538         34.2900         23.0514    0.753143    0.656578   -0.041007   -0.493209    0.604798    0.625271    0.435340   -0.450694    0.779329
 198583.050007 3210461.9739  634755.8909 5456686.6000        -42.7439         40.7302         20.3022    0.680206    0.732361   -0.031092   -0.550781    0.538626    0.637591    0.483694   -0.416569    0.769747
 198584.050177 3210420.7586  634799.4809 5456705.1903        -39.6328         46.3408         16.8061    0.601622    0.798676   -0.012949   -0.612927    0.471977    0.633687    0.512222   -0.373303    0.773481
 198585.050356 3210382.7627  634848.4280 5456720.1051        -36.0960         51.5915         13.0743    0.514439    0.857523   -0.002344   -0.664132    0.400148    0.631515    0.542476   -0.323319    0.775360
 198586.050534 3210348.7253  634902.5331 5456731.2916        -31.8448         56.5339          9.3085    0.420652    0.907220    0.001729   -0.703289    0.324890    0.632322    0.573093   -0.267204    0.774704
 198587.050705 3210319.5320  634961.4599 5456738.8210        -26.4573         61.1963          5.7263    0.314598    0.949224    0.001043   -0.742942    0.245546    0.622691    0.590818   -0.196672    0.782467
 198588.050884 3210296.3002  635024.8047 5456742.8682        -19.7170         65.3675          2.4490    0.198887    0.979887   -0.016281   -0.774117    0.167266    0.610545    0.600988   -0.108826    0.791814
 198589.051062 3210280.0244  635091.7890 5456743.6682        -13.1442         68.3185         -0.9971    0.096047    0.995166   -0.020496   -0.793392    0.088975    0.602173    0.601085   -0.041575    0.798103
 198590.051233 3210270.2470  635161.1924 5456740.9208         -6.3339         70.3128         -4.4983   -0.008919    0.999588   -0.027288   -0.793580    0.009528    0.608391    0.608400    0.027081    0.793168
 198591.051412 3210266.8584  635232.0965 5456734.4018         -0.3716         71.3544         -8.5336   -0.109681    0.993689   -0.023522   -0.786092   -0.072236    0.613874    0.608300    0.085821    0.789054
 198592.051590 3210269.7651  635303.7017 5456723.9229          6.3005         71.6996        -12.3796   -0.221571    0.974624   -0.031840   -0.771250   -0.155168    0.617330    0.596724    0.161339    0.786060
 198593.051761 3210279.9965  635375.1888 5456709.8573         14.3555         71.0321        -15.6660   -0.340853    0.938649   -0.052500   -0.745896   -0.236022    0.622843    0.572240    0.251458    0.780583
 198594.051940 3210298.2585  635445.4190 5456692.5590         22.3567         69.1581        -18.7991   -0.451930    0.889288   -0.070190   -0.713559   -0.313161    0.626709    0.535343    0.333313    0.776086
 198595.052118 3210324.2853  635513.2136 5456672.1548         29.4943         66.2676        -22.0427   -0.551963    0.830211   -0.078017   -0.669826   -0.385708    0.634478    0.496659    0.402466    0.768994
 198596.052289 3210357.4940  635577.5355 5456648.7004         36.7770         62.1963        -24.8227   -0.647752    0.756736   -0.088141   -0.625149   -0.461828    0.629209    0.435439    0.462672    0.772222
 198597.052468 3210397.3892  635637.4645 5456622.5044         43.2958         57.3162        -27.2535   -0.736999    0.667329   -0.107257   -0.571959   -0.531211    0.625042    0.360132    0.522002    0.773188
 198598.052646 3210443.6567  635692.0282 5456594.1909         48.9927         51.7491        -29.3299   -0.806828    0.579691   -0.113961   -0.515553   -0.596660    0.614981    0.288503    0.554937    0.780264
 198599.052817 3210495.3412  635740.6653 5456564.1143         54.3199         45.3376        -30.6821   -0.869030    0.477908   -0.128025   -0.447567   -0.649074    0.615132    0.210879    0.591868    0.777960
 198600.052996 3210551.6600  635782.8217 5456532.6789         57.7808         39.2160        -32.4988   -0.913598    0.390658   -0.112805   -0.371665   -0.689754    0.621373    0.164937    0.609610    0.775352
 198601.053174 3210610.8956  635818.8657 5456499.2400         60.4964         32.8837        -34.4332   -0.951325    0.292425   -0.097308   -0.286293   -0.721634    0.630303    0.114095    0.627481    0.770227
 198602.053345 3210672.5156  635848.5066 5456463.8587         62.6765         26.2995        -36.2266   -0.978498    0.188460   -0.083812   -0.198063   -0.745171    0.636782    0.057554    0.639690    0.766475
 198603.053524 3210736.0956  635871.3954 5456426.8112         64.3118         19.5216        -37.8889   -0.993970    0.090572   -0.061805   -0.109105   -0.760842    0.639700    0.010915    0.642586    0.766136
 198604.053694 3210800.9574  635887.5945 5456388.0826         65.4212         12.7265        -39.3713   -0.998547   -0.019557   -0.050221   -0.017023   -0.769691    0.638189   -0.051135    0.638117    0.768240
 198605.053872 3210867.0788  635896.4162 5456348.6649         66.6303          4.9571        -39.4275   -0.991051   -0.127386   -0.039883    0.073695   -0.771277    0.632219   -0.111297    0.623623    0.773762
 198606.054052 3210933.7031  635898.0492 5456308.6784         66.5240         -1.6944        -40.4770   -0.975347   -0.220335   -0.012262    0.164560   -0.763223    0.624829   -0.147030    0.607407    0.780665
 198607.054221 3211000.0729  635892.9388 5456267.8772         66.1610         -8.6654        -40.9286   -0.947483   -0.319729    0.006936    0.251107   -0.730348    0.635246   -0.198041    0.603627    0.772279
 198608.054400 3211065.8339  635880.7409 5456226.7463         65.3659        -15.9066        -40.9667   -0.905337   -0.424514    0.012365    0.333853   -0.693389    0.638556   -0.262503    0.582237    0.769476
 198609.054580 3211130.7183  635860.8813 5456186.4766         64.2486        -23.7790        -39.4800   -0.848746   -0.528656    0.012333    0.414699   -0.650957    0.635830   -0.328107    0.544773    0.771730
 198610.054749 3211194.1053  635833.2600 5456147.9775         62.3924        -31.3977        -37.3904   -0.781704   -0.623552    0.010980    0.490541   -0.603895    0.628236   -0.385107    0.496481    0.777946
 198611.054928 3211255.2507  635798.2890 5456111.6699         59.7545        -38.3964        -35.2828   -0.709858   -0.704095    0.018785    0.559789   -0.547783    0.621747   -0.427478    0.451868    0.782993
 198612.055107 3211313.4571  635756.5385 5456077.6721         56.5321        -44.9995        -32.6562   -0.626825   -0.778909    0.019787    0.620999   -0.484087    0.616458   -0.470586    0.398699    0.787139
 198613.055277 3211368.1294  635708.3843 5456046.6195         52.6767        -51.2012        -29.3428   -0.537289   -0.843164    0.019872    0.669973   -0.412378    0.617318   -0.512305    0.344992    0.786463
 198614.055456 3211418.6163  635654.4992 5456018.5152         48.2037        -56.4775        -26.7605   -0.448776   -0.893075    0.031906    0.715386   -0.337631    0.611743   -0.535559    0.297360    0.790413
 198615.055635 3211464.4313  635595.6336 5455992.9804         43.3822        -61.1225        -24.3207   -0.358869   -0.932306    0.044931    0.761239   -0.264487    0.592082   -0.540118    0.246683    0.804624
 198616.055805 3211505.4034  635532.4100 5455970.1671         38.6773        -65.1841        -20.9052   -0.257181   -0.965917    0.029352    0.838892   -0.208076    0.502956   -0.479706    0.153974    0.863813
 198617.055984 3211542.1492  635465.6372 5455951.6787         34.9835        -68.0893        -16.1195   -0.172002   -0.985096    0.000646    0.910366   -0.158703    0.382162   -0.376364    0.066320    0.924095
 198618.056163 3211575.8165  635396.6766 5455937.6912         32.5562        -69.6051        -12.0647   -0.114468   -0.992785   -0.035711    0.963414   -0.119707    0.239799   -0.242344   -0.006955    0.970166
 198619.056333 3211607.8301  635326.8399 5455927.6624         31.5874        -69.9084         -8.4298   -0.083724   -0.994276   -0.066368    0.991382   -0.089845    0.095344   -0.100762   -0.057813    0.993229
 198620.056513 3211639.2211  635257.0278 5455920.1399         31.2942        -69.6217         -6.8114   -0.077146   -0.993505   -0.083639    0.997017   -0.077074   -0.004085   -0.002387   -0.083705    0.996488
 198621.056691 3211670.5942  635187.6772 5455913.7598         31.5200        -69.0077         -6.0175   -0.082341   -0.991779   -0.097949    0.994978   -0.076196   -0.064913    0.056916   -0.102802    0.993072
 198622.056861 3211702.3796  635119.0625 5455907.9595         32.0320        -68.1902         -5.6866   -0.093943   -0.990208   -0.103257    0.992941   -0.085646   -0.082050    0.072403   -0.110236    0.991265
 198623.057040 3211734.4475  635051.1861 5455902.0510         31.9404        -67.6162         -6.3795   -0.105543   -0.991057   -0.081651    0.992747   -0.100256   -0.066351    0.057572   -0.088062    0.994450
 198624.057219 3211766.1035  634983.6732 5455894.9478         31.4723        -67.3659         -7.6636   -0.111381   -0.991594   -0.065850    0.992354   -0.107431   -0.060755    0.053169   -0.072113    0.995978
 198625.057389 3211797.3354  634916.3454 5455886.6830         30.9751        -67.3014         -8.7705   -0.115488   -0.991943   -0.052070    0.993199   -0.114537   -0.020890    0.014758   -0.054128    0.998425
 198626.057568 3211828.1841  634849.0498 5455877.6093         30.7542        -67.2748         -9.3097   -0.115556   -0.992101   -0.048805    0.993203   -0.114717   -0.019673    0.013919   -0.050747    0.998615
 198627.057738 3211858.9201  634781.7786 5455868.2286         30.6829        -67.2610         -9.5160   -0.115933   -0.992285   -0.043926    0.993155   -0.115175   -0.019422    0.014213   -0.045877    0.998846
 198628.057917 3211889.4803  634714.4662 5455858.4074         30.4117        -67.3563        -10.1685   -0.116491   -0.992569   -0.035158    0.992992   -0.115686   -0.024144    0.019898   -0.037724    0.999090
 198629.058096 3211919.8299  634647.0429 5455848.0065         30.3432        -67.4511        -10.5223   -0.118359   -0.992283   -0.036950    0.992763   -0.117491   -0.024870    0.020337   -0.039626    0.999008
 198630.058266 3211950.2694  634579.5695 5455837.4767         30.5401        -67.4623        -10.5109   -0.121503   -0.991847   -0.038421    0.992332   -0.120496   -0.027515    0.022661   -0.041469    0.998883
 198631.058445 3211980.8821  634512.0825 5455826.9376         30.6841        -67.4852        -10.5696   -0.125764   -0.991360   -0.037262    0.991829   -0.124835   -0.026314    0.021435   -0.040267    0.998959
 198632.058624 3212011.6728  634444.5807 5455816.3491         30.8844        -67.4969        -10.6267   -0.129514   -0.990931   -0.035807    0.991350   -0.128626   -0.026073    0.021231   -0.038874    0.999019
 198633.058794 3212042.6467  634377.0643 5455805.7003         31.0708        -67.5128        -10.5948   -0.131892   -0.990577   -0.036905    0.991182   -0.131312   -0.017735    0.012722   -0.038919    0.999161
 198634.058973 3212073.8793  634309.5415 5455795.2302         31.3797        -67.5146        -10.3730   -0.134108   -0.990364   -0.034558    0.990919   -0.133676   -0.014527    0.009767   -0.036192    0.999297
 198635.059152 3212105.2637  634241.9602 5455784.7188         31.2655        -67.6533        -10.7992   -0.131861   -0.990870   -0.028097    0.991265   -0.131734   -0.006331    0.002572   -0.028686    0.999585
 198636.059322 3212136.4613  634174.2045 5455773.9073         31.2769        -67.7987        -10.5225   -0.130222   -0.990857   -0.035287    0.991328   -0.130753    0.013160   -0.017654   -0.033267    0.999291
 198637.059501 3212167.7773  634106.3455 5455763.5745         31.2269        -67.9130        -10.3760   -0.126860   -0.991449   -0.030592    0.991897   -0.127010    0.003007   -0.006867   -0.029962    0.999527
 198638.059680 3212198.8660  634038.3321 5455752.9603         31.0148        -68.0768        -10.7140   -0.123155   -0.991887   -0.031525    0.992364   -0.122873   -0.010719    0.006758   -0.032604    0.999445
 198639.059850 3212229.9550  633970.2130 5455742.4172         31.1834        -68.1189        -10.3404   -0.126709   -0.991242   -0.037207    0.991927   -0.126423   -0.009946    0.005155   -0.038166    0.999258
 198640.060028 3212261.2306  633902.0717 5455732.2000         31.3536        -68.1373        -10.1309   -0.129526   -0.991035   -0.032743    0.991530   -0.129132   -0.013872    0.009520   -0.034263    0.999368
 198641.060208 3212292.6175  633833.8840 5455722.0157         31.4025        -68.2220        -10.2657   -0.129845   -0.991167   -0.026969    0.991424   -0.129378   -0.018415    0.014763   -0.029129    0.999467
 198642.060378 3212323.9828  633765.5802 5455711.5866         31.2847        -68.3681        -10.6525   -0.130964   -0.991008   -0.027416    0.991338   -0.130633   -0.013535    0.009832   -0.028951    0.999532
 198643.060556 3212355.2485  633697.1446 5455700.8402         31.2980        -68.4591        -10.7058   -0.131623   -0.990686   -0.034871    0.991292   -0.131403   -0.008525    0.003864   -0.035689    0.999355
 198644.060736 3212386.6596  633628.6767 5455690.3338         31.4869        -68.4548        -10.3626   -0.133635   -0.990365   -0.036305    0.991030   -0.133509   -0.005889    0.000985   -0.036767    0.999323
 198645.060906 3212418.1151  633560.1822 5455679.9077         31.3884        -68.5258        -10.5176   -0.133273   -0.990578   -0.031512    0.991079   -0.133186   -0.004859    0.000616   -0.031878    0.999492
 198646.061085 3212449.4901  633491.6024 5455669.4059         31.3722        -68.6023        -10.4288   -0.133663   -0.990461   -0.033485    0.991022   -0.133692   -0.001385   -0.003105   -0.033369    0.999438
 198647.061264 3212480.8836  633422.9567 5455659.0853         31.3794        -68.6686        -10.2672   -0.135347   -0.990277   -0.032140    0.990783   -0.135452    0.001091   -0.005434   -0.031696    0.999483
 198648.061434 3212512.1670  633354.2193 5455648.6885         31.1802        -68.7841        -10.4947   -0.134138   -0.990457   -0.031660    0.990949   -0.134235    0.000959   -0.005199   -0.031245    0.999498
 198649.061613 3212543.3192  633285.3837 5455638.2299         31.1561        -68.8424        -10.3659   -0.133986   -0.990338   -0.035745    0.990969   -0.134088    0.000471   -0.005259   -0.035360    0.999361
 198650.061783 3212574.5162  633216.5177 5455628.0028         31.1932        -68.8725        -10.1437   -0.133484   -0.990433   -0.034994    0.991037   -0.133586    0.000592   -0.005261   -0.034601    0.999387
 198651.061961 3212605.6427  633147.5896 5455617.8258         31.0587        -68.9594        -10.2360   -0.133861   -0.990461   -0.032671    0.990992   -0.133919   -0.000412   -0.003967   -0.032431    0.999466
 198652.062141 3212636.6889  633078.5891 5455607.5982         31.0429        -69.0125        -10.1705   -0.132817   -0.990523   -0.034968    0.991140   -0.132782   -0.003335   -0.001340   -0.035101    0.999383
 198653.062311 3212667.7484  633009.5498 5455597.4703         31.0425        -69.0471        -10.1262   -0.133043   -0.990502   -0.034730    0.991110   -0.132986   -0.003977   -0.000679   -0.034950    0.999389
 198654.062489 3212698.7989  632940.4786 5455587.3466         31.0370        -69.0733        -10.1138   -0.132209   -0.990593   -0.035313    0.991222   -0.132130   -0.004559   -0.000149   -0.035605    0.999366
 198655.062669 3212729.8435  632871.3822 5455577.2548         31.0215        -69.0981        -10.0707   -0.131915   -0.990625   -0.035516    0.991260   -0.131877   -0.003416   -0.001300   -0.035656    0.999363
 198656.062839 3212760.8622  632802.2605 5455567.1987         30.9978        -69.1169        -10.0741   -0.132503   -0.990571   -0.034828    0.991176   -0.132290   -0.008341    0.003655   -0.035626    0.999359
 198657.063018 3212791.8604  632733.1282 5455557.0433         31.0462        -69.1003        -10.2334   -0.131769   -0.990615   -0.036325    0.990626   -0.130262   -0.041137    0.036019   -0.041405    0.998493
 198658.063197 3212823.0983  632664.0840 5455546.7625         31.4677        -68.9420        -10.3400   -0.134374   -0.990207   -0.037858    0.988639   -0.131368   -0.073047    0.067359   -0.047243    0.996610
 198659.063366 3212854.8385  632595.2428 5455536.2850         32.0107        -68.7147        -10.6480   -0.141935   -0.989193   -0.036775    0.985962   -0.137976   -0.094033    0.087943   -0.049605    0.994890
 198660.063546 3212887.1739  632526.6493 5455525.4381         32.6944        -68.4338        -11.0188   -0.154800   -0.987239   -0.037374    0.982505   -0.149873   -0.110555    0.103542   -0.053834    0.993167
 198661.063724 3212920.2675  632458.3653 5455514.1922         33.4586        -68.1123        -11.4973   -0.171167   -0.984570   -0.036378    0.979853   -0.166258   -0.110660    0.102904   -0.054586    0.993192
 198662.063894 3212954.1175  632390.4054 5455502.4804         34.2346        -67.7784        -11.9067   -0.187440   -0.981601   -0.036415    0.977808   -0.182928   -0.102120    0.093580   -0.054748    0.994105
 198663.064074 3212988.7497  632322.7856 5455490.3469         35.0271        -67.4334        -12.3960   -0.200150   -0.979212   -0.032931    0.972856   -0.194642   -0.125166    0.116154   -0.057089    0.991589
 198664.064252 3213024.2011  632255.5298 5455477.5664         35.8972        -67.0386        -13.1989   -0.214226   -0.976322   -0.030040    0.962380   -0.205705   -0.177512    0.167130   -0.066937    0.983660
 198665.064422 3213060.7329  632188.7608 5455463.8987         37.2654        -66.4197        -14.1669   -0.239399   -0.970438   -0.030642    0.942868   -0.224834   -0.245866    0.231708   -0.087751    0.968819
 198666.064602 3213098.8687  632122.7588 5455449.0894         39.0393        -65.5160        -15.5159   -0.275541   -0.960807   -0.030451    0.919524   -0.254202   -0.299761    0.280272   -0.110597    0.953528
 198667.064780 3213139.0026  632057.8320 5455432.8115         41.2989        -64.2443        -17.0220   -0.320806   -0.946516   -0.034503    0.898020   -0.292386   -0.328742    0.301072   -0.136447    0.943789
 198668.064951 3213181.5414  631994.3518 5455415.0525         43.7703        -62.6555        -18.4710   -0.368962   -0.928625   -0.039012    0.884642   -0.337994   -0.321198    0.285087   -0.153021    0.946208
 198669.065129 3213226.6938  631932.6280 5455396.0714         46.6881        -60.6328        -19.2325   -0.418350   -0.906305   -0.059947    0.871838   -0.382178   -0.306332    0.254720   -0.180418    0.950035
 198670.065308 3213274.7955  631873.1191 5455376.5541         49.3963        -58.3684        -19.8348   -0.459362   -0.885431   -0.070704    0.857069   -0.420926   -0.297075    0.233278   -0.197063    0.952233
 198671.065479 3213325.3647  631815.8795 5455356.3917         51.5412        -56.1600        -20.6418   -0.496183   -0.865132   -0.073140    0.841277   -0.458254   -0.286804    0.214607   -0.203839    0.955193
 198672.065657 3213377.8016  631760.7841 5455335.2464         53.3195        -53.9651        -21.5852   -0.531774   -0.843432   -0.076408    0.823451   -0.493873   -0.279315    0.197848   -0.211451    0.957154
 198673.065827 3213431.5684  631707.6750 5455312.7616         54.0287        -52.3798        -23.4488   -0.559487   -0.826806   -0.058023    0.817656   -0.539123   -0.201951    0.135693   -0.160432    0.977675
 198674.066007 3213485.9964  631655.9431 5455288.8260         54.7910        -51.1186        -24.3020   -0.581416   -0.811775   -0.054560    0.809975   -0.571189   -0.132976    0.076783   -0.121506    0.989616
 198675.066185 3213540.9663  631605.2600 5455263.9729         55.0553        -50.3031        -25.4460   -0.591298   -0.805499   -0.039206    0.804044   -0.585080   -0.105810    0.062291   -0.094088    0.993613
 198676.066356 3213596.0808  631555.2070 5455237.9529         55.1637        -49.8287        -26.5352   -0.599916   -0.799366   -0.033398    0.799322   -0.597042   -0.068011    0.034426   -0.067496    0.997125
 198677.066534 3213651.5304  631505.5892 5455211.4241         55.6545        -49.4247        -26.5638   -0.606594   -0.794273   -0.034274    0.794886   -0.605166   -0.043934    0.014155   -0.053894    0.998446
 198678.066713 3213707.1869  631456.2317 5455184.5080         55.5963        -49.3119        -27.3006   -0.610488   -0.791593   -0.026177    0.792025   -0.610156   -0.020124   -0.000042   -0.033018    0.999455
 198679.066884 3213762.7869  631406.8894 5455157.0156         55.6158        -49.3863        -27.5262   -0.612064   -0.790194   -0.031165    0.789532   -0.612840    0.032668   -0.044913   -0.004611    0.998980
 198680.067062 3213818.3963  631357.3292 5455129.6401         55.5239        -49.7739        -27.2038   -0.607259   -0.793810   -0.033200    0.789271   -0.607521    0.089270   -0.091033    0.028006    0.995454
 198681.067241 3213873.7082  631307.2045 5455102.5595         55.0288        -50.4994        -26.9578   -0.595336   -0.802870   -0.031226    0.794522   -0.594042    0.125894   -0.119626    0.050139    0.991552
 198682.067412 3213928.4029  631256.2288 5455075.7678         54.3546        -51.4427        -26.5659   -0.578580   -0.814983   -0.032370    0.806135   -0.577433    0.129293   -0.124063    0.048712    0.991078
 198683.067590 3213982.4895  631204.3389 5455049.5231         53.8462        -52.2619        -25.9247   -0.562593   -0.825986   -0.035167    0.821956   -0.563402    0.083467   -0.088756    0.018052    0.995890
 198684.067770 3214036.1784  631151.8019 5455023.8213         53.5675        -52.7428        -25.4706   -0.552475   -0.832730   -0.036508    0.832490   -0.553443    0.025699   -0.041606   -0.016195    0.999003
 198685.067939 3214089.7580  631098.9773 5454998.5330         53.5710        -52.8361        -25.1578   -0.551307   -0.833486   -0.036913    0.834176   -0.551454   -0.006972   -0.014545   -0.034636    0.999294
 198686.068118 3214143.3485  631046.1619 5454973.4160         53.5902        -52.7894        -25.0488   -0.552120   -0.832926   -0.037392    0.833509   -0.552506   -0.000013   -0.020648   -0.031173    0.999301
 198687.068297 3214196.9062  630993.3253 5454948.4337         53.4545        -52.9080        -24.9042   -0.553423   -0.832011   -0.038479    0.830803   -0.554717    0.045341   -0.059069   -0.006876    0.998230
 198688.068467 3214250.1977  630940.2556 5454923.6316         53.0820        -53.2629        -24.6320   -0.547477   -0.835904   -0.039155    0.830223   -0.548430    0.099772   -0.104873    0.022115    0.994240
 198689.068647 3214302.9552  630886.6250 5454899.2718         52.3052        -54.0653        -24.1004   -0.534380   -0.844457   -0.036469    0.828056   -0.531683    0.177867   -0.169591    0.064850    0.983378
 198690.068825 3214354.6368  630831.9566 5454875.3788         50.9608        -55.3202        -23.6632   -0.511884   -0.858453   -0.032159    0.830380   -0.504042    0.237508   -0.220099    0.094873    0.970853
 198691.068995 3214404.8110  630775.8735 5454852.0744         49.3606        -56.8630        -22.7987   -0.479568   -0.876848   -0.033948    0.841931   -0.470686    0.263830   -0.247317    0.097943    0.963972
 198692.069174 3214453.3557  630718.2095 5454829.8891         47.6575        -58.4380        -21.6232   -0.443083   -0.895843   -0.033794    0.861878   -0.436050    0.258895   -0.246665    0.085586    0.965314
 198693.069353 3214500.1545  630659.0224 5454808.8293         45.9402        -59.8829        -20.4698   -0.408511   -0.912067   -0.035376    0.883392   -0.404825    0.236083   -0.229645    0.065192    0.971089
 198694.069523 3214545.3306  630598.4928 5454789.0487         44.4256        -61.1149        -19.0842   -0.377748   -0.925114   -0.038353    0.903796   -0.377409    0.201779   -0.201144    0.041558    0.978680
 198695.069702 3214589.0688  630536.8757 5454770.4742         43.0603        -62.0612        -18.1127   -0.352961   -0.934850   -0.038404    0.920942   -0.354371    0.162134   -0.165181    0.021859    0.986021
 198696.069872 3214631.5589  630474.4192 5454752.8004         41.9524        -62.7912        -17.2179   -0.332536   -0.942201   -0.040947    0.933680   -0.335025    0.126488   -0.132895    0.003830    0.991123
 198697.070052 3214673.0798  630411.3473 5454736.0034         41.0964        -63.3010        -16.4302   -0.317169   -0.947463   -0.041440    0.943168   -0.319698    0.090703   -0.099186   -0.010317    0.995015
 198698.070230 3214713.8462  630347.8551 5454719.8268         40.4620        -63.6321        -15.9493   -0.306483   -0.950969   -0.041555    0.949859   -0.308382    0.051657   -0.061939   -0.023640    0.997800
 198699.070400 3214754.1069  630284.1162 5454704.0037         40.0467        -63.8064        -15.7822   -0.300209   -0.952996   -0.040900    0.953479   -0.301043    0.015872   -0.027439   -0.034233    0.999037
 198700.070579 3214794.0382  630220.2688 5454688.2350         39.8696        -63.8447        -15.6977   -0.298689   -0.953413   -0.042280    0.954345   -0.298538   -0.010007   -0.003082   -0.043338    0.999056
 198701.070758 3214833.9223  630156.4382 5454672.5521         39.9093        -63.7764        -15.6871   -0.302037   -0.952389   -0.041572    0.953201   -0.301104   -0.027281    0.013465   -0.047866    0.998763
 198702.070929 3214873.9283  630092.7158 5454656.8709         40.0398        -63.6614        -15.7362   -0.305414   -0.951384   -0.039883    0.952127   -0.304533   -0.026707    0.013263   -0.046131    0.998847
 198703.071107 3214913.9155  630029.0656 5454640.9288         39.9215        -63.6161        -16.1213   -0.309530   -0.950032   -0.040386    0.950883   -0.309089   -0.016884    0.003557   -0.043628    0.999041
 198704.071286 3214953.8497  629965.4748 5454624.7609         39.9586        -63.5366        -16.1214   -0.311596   -0.949143   -0.045113    0.950200   -0.311506   -0.009186   -0.005334   -0.045728    0.998940
 198705.071457 3214993.8437  629901.9741 5454608.7042         40.0137        -63.4421        -15.9869   -0.313567   -0.948503   -0.044921    0.949534   -0.313594   -0.006629   -0.007799   -0.044732    0.998969
 198706.071635 3215033.8784  629838.5608 5454592.7251         39.9933        -63.3833        -16.0163   -0.312473   -0.949069   -0.040354    0.949890   -0.312552   -0.004502   -0.008340   -0.039738    0.999175
 198707.071814 3215073.8313  629775.1627 5454576.6703         39.9109        -63.3936        -16.0574   -0.311035   -0.949624   -0.038360    0.950264   -0.311416    0.004243   -0.015975   -0.035132    0.999255
 198708.071984 3215113.7207  629711.7485 5454560.6451         39.8156        -63.4331        -15.9953   -0.307981   -0.950631   -0.038067    0.951203   -0.308471    0.007613   -0.018979   -0.033865    0.999246
 198709.072163 3215153.4690  629648.2762 5454544.6256         39.6652        -63.4958        -15.9917   -0.306536   -0.951079   -0.038537    0.951613   -0.307126    0.010303   -0.021635   -0.033514    0.999204
 198710.072342 3215193.1064  629584.7303 5454528.7579         39.5670        -63.5721        -15.8106   -0.307098   -0.950953   -0.037144    0.951468   -0.307616    0.009002   -0.019986   -0.032577    0.999269
 198711.072512 3215232.6228  629521.1191 5454512.9250         39.4480        -63.6339        -15.8508   -0.304456   -0.951841   -0.036134    0.952441   -0.304718    0.001855   -0.012776   -0.033851    0.999345
 198712.072691 3215272.0796  629457.4515 5454497.1110         39.4711        -63.6659        -15.7738   -0.303734   -0.952119   -0.034859    0.952748   -0.303681   -0.006948   -0.003971   -0.035322    0.999368
 198713.072870 3215311.5127  629393.7596 5454481.1585         39.3485        -63.7181        -16.0747   -0.300915   -0.952998   -0.035280    0.953650   -0.300773   -0.009377   -0.001675   -0.036467    0.999333
 198714.073040 3215350.9293  629330.0147 5454465.2414         39.4438        -63.7559        -15.7769   -0.305186   -0.951519   -0.038378    0.952266   -0.305233   -0.004758   -0.007187   -0.037998    0.999252
 198715.073219 3215390.2974  629266.2201 5454449.3031         39.3073        -63.7970        -16.0966   -0.309071   -0.950313   -0.037146    0.951032   -0.308685   -0.015856    0.003602   -0.040228    0.999184
 198716.073398 3215429.6363  629202.4352 5454433.0880         39.3710        -63.7380        -16.2765   -0.309868   -0.949781   -0.043562    0.950763   -0.309262   -0.020187    0.005701   -0.047673    0.998847
 198717.073568 3215469.1161  629138.7597 5454416.8905         39.6168        -63.5720        -16.0290   -0.311054   -0.949112   -0.049309    0.950387   -0.310801   -0.012917   -0.003066   -0.050881    0.998700
 198718.073747 3215508.8700  629075.2723 5454401.0160         39.8395        -63.3953        -15.7746   -0.310562   -0.949448   -0.045822    0.950540   -0.310448   -0.009764   -0.004955   -0.046588    0.998902
 198719.073926 3215548.6679  629011.8940 5454385.1782         39.7487        -63.3522        -15.8674   -0.309189   -0.950083   -0.041770    0.950901   -0.309494    0.000881   -0.013764   -0.039447    0.999127
 198720.074096 3215588.3857  628948.5147 5454369.3875         39.6126        -63.4107        -15.7421   -0.308132   -0.950462   -0.040948    0.950954   -0.308952    0.015320   -0.027212   -0.034219    0.999044
 198721.074275 3215627.9172  628885.0575 5454353.6144         39.4543        -63.4808        -15.7588   -0.306309   -0.951068   -0.040558    0.951732   -0.306840    0.007455   -0.019536   -0.036317    0.999149
 198722.074445 3215667.3389  628821.5336 5454337.9476         39.3895        -63.5403        -15.6087   -0.307019   -0.950901   -0.039074    0.951635   -0.307231   -0.000612   -0.011423   -0.037372    0.999236
 198723.074624 3215706.5658  628757.9334 5454322.0799         39.0601        -63.6270        -16.1502   -0.307513   -0.950737   -0.039173    0.951529   -0.307480   -0.006993   -0.005396   -0.039425    0.999208
 198724.074803 3215745.6944  628694.3214 5454305.9592         39.2296        -63.5507        -15.9879   -0.306472   -0.950670   -0.047983    0.951878   -0.306187   -0.013344   -0.002006   -0.049764    0.998759
 198725.074973 3215785.0417  628630.8277 5454290.1312         39.4366        -63.4191        -15.7112   -0.308441   -0.950111   -0.046391    0.951216   -0.308437   -0.007423   -0.007256   -0.046417    0.998896
 198726.075152 3215824.5419  628567.4463 5454274.4426         39.5183        -63.3366        -15.7471   -0.307408   -0.950718   -0.040446    0.951576   -0.307223   -0.010875   -0.002087   -0.041831    0.999123
 198727.075331 3215864.0422  628504.1017 5454258.5723         39.4162        -63.3555        -15.9746   -0.302939   -0.952190   -0.039522    0.952867   -0.303352    0.004753   -0.016515   -0.036219    0.999207
 198728.075501 3215903.3691  628440.7004 5454242.6497         39.2639        -63.3984        -15.8451   -0.303017   -0.951907   -0.045327    0.952563   -0.303955    0.015318   -0.028359   -0.038535    0.998855
 198729.075680 3215942.6400  628377.3039 5454226.9336         39.2900        -63.3892        -15.4352   -0.297973   -0.953478   -0.045727    0.954283   -0.298724    0.010402   -0.023578   -0.040537    0.998900
 198730.075859 3215981.7627  628313.8781 5454211.3385         38.9487        -63.4459        -15.7574   -0.295567   -0.954382   -0.042377    0.955086   -0.296190    0.009118   -0.021253   -0.037779    0.999060
 198731.076029 3216020.7023  628250.4356 5454195.5838         38.9731        -63.3982        -15.7086   -0.290617   -0.955729   -0.046082    0.956827   -0.290525   -0.008843   -0.004937   -0.046662    0.998899
 198732.076208 3216059.7678  628187.0868 5454179.9653         39.1302        -63.2751        -15.5828   -0.286104   -0.957104   -0.045784    0.958193   -0.285622   -0.016896    0.003094   -0.048704    0.998808
 198733.076387 3216098.8998  628123.8337 5454164.3801         39.0946        -63.2252        -15.5853   -0.284912   -0.957510   -0.044721    0.958553   -0.284659   -0.012064   -0.001179   -0.046304    0.998927
 198734.076557 3216137.9845  628060.6147 5454148.8077         39.1074        -63.1690        -15.5626   -0.288103   -0.956569   -0.044415    0.957597   -0.287691   -0.015558    0.002104   -0.047014    0.998892
 198735.076736 3216177.1477  627997.4782 5454133.2528         39.2072        -63.0819        -15.5336   -0.287742   -0.956751   -0.042805    0.957666   -0.287023   -0.022213    0.008967   -0.047384    0.998836
 198736.076915 3216216.3797  627934.4206 5454117.6253         39.2061        -63.0311        -15.7312   -0.288114   -0.956698   -0.041459    0.957503   -0.287213   -0.026375    0.013326   -0.047296    0.998792
 198737.077085 3216255.6754  627871.4142 5454101.9334         39.3963        -62.9358        -15.7141   -0.293403   -0.955106   -0.041083    0.955841   -0.292330   -0.030195    0.016829   -0.048128    0.998699
 198738.077264 3216295.1654  627808.5288 5454086.1084         39.5163        -62.8332        -15.9826   -0.294050   -0.954982   -0.039281    0.955684   -0.293156   -0.026977    0.014247   -0.045473    0.998864
 198739.077443 3216334.6986  627745.6965 5454070.0511         39.6140        -62.7918        -15.9979   -0.297593   -0.953736   -0.042727    0.954686   -0.297126   -0.017040    0.003557   -0.045862    0.998941
 198740.077613 3216374.4416  627682.9588 5454054.0968         39.7808        -62.6710        -16.0738   -0.298985   -0.953420   -0.039973    0.954251   -0.298568   -0.016172    0.003484   -0.042979    0.999070
 198741.077792 3216414.2154  627620.2847 5454037.9690         39.7764        -62.6596        -16.0780   -0.295815   -0.954392   -0.040369    0.955206   -0.295923   -0.003417   -0.008685   -0.039571    0.999179
 198742.077970 3216453.9970  627557.6049 5454021.9070         39.7719        -62.6821        -16.0428   -0.295976   -0.954419   -0.038500    0.955075   -0.296339    0.003942   -0.015171   -0.035604    0.999251
 198743.078141 3216493.7014  627494.8764 5454005.8053         39.6432        -62.7449        -16.1675   -0.292703   -0.955496   -0.036781    0.956094   -0.293035    0.003870   -0.014476   -0.034033    0.999316
 198744.078320 3216533.3474  627432.1104 5453989.6529         39.6154        -62.7723        -16.1192   -0.287138   -0.957125   -0.038261    0.957858   -0.287223   -0.003370   -0.007764   -0.037616    0.999262
 198745.078498 3216572.9912  627369.3202 5453973.5982         39.6429        -62.7866        -16.0018   -0.286485   -0.957362   -0.037218    0.958079   -0.286403   -0.007610   -0.003374   -0.037838    0.999278
 198746.078669 3216612.6175  627306.5190 5453957.5157         39.6075        -62.7994        -16.1052   -0.286067   -0.957523   -0.036271    0.958209   -0.285825   -0.011799    0.000930   -0.038130    0.999272
 198747.078848 3216652.2423  627243.7121 5453941.3749         39.7006        -62.7661        -16.0703   -0.286832   -0.957224   -0.038086    0.957948   -0.286264   -0.019708    0.007963   -0.042137    0.999080
 198748.079018 3216692.0627  627180.9826 5453925.3725         39.9088        -62.6673        -15.9908   -0.288376   -0.956831   -0.036243    0.957384   -0.287498   -0.027571    0.015961   -0.042649    0.998963
 198749.079197 3216732.0397  627118.3438 5453909.3378         40.0114        -62.5963        -16.1030   -0.290148   -0.956409   -0.033111    0.956795   -0.289234   -0.029786    0.018911   -0.040322    0.999008
 198750.079375 3216772.1305  627055.7663 5453893.1775         40.1508        -62.5514        -16.1779   -0.293339   -0.955480   -0.031797    0.955935   -0.292743   -0.022108    0.011815   -0.036881    0.999250
 198751.079546 3216812.3003  626993.1987 5453876.9071         40.1914        -62.5583        -16.3746   -0.297397   -0.954271   -0.030355    0.954669   -0.296797   -0.022769    0.012718   -0.035750    0.999280
 198752.079725 3216852.5062  626930.6270 5453860.3707         40.2415        -62.5528        -16.6368   -0.299096   -0.953680   -0.032172    0.954134   -0.298439   -0.023713    0.013013   -0.037788    0.999201
 198753.079904 3216892.8989  626868.0949 5453843.8007         40.5463        -62.4877        -16.4541   -0.301304   -0.952957   -0.032989    0.953478   -0.300754   -0.020645    0.009753   -0.037674    0.999242
 198754.080074 3216933.4812  626805.5864 5453827.2645         40.5538        -62.5249        -16.6992   -0.303845   -0.952316   -0.027811    0.952704   -0.303532   -0.014946    0.005792   -0.031037    0.999501
 198755.080253 3216974.0025  626743.0167 5453810.3393         40.4967        -62.5957        -17.0595   -0.304237   -0.952108   -0.030492    0.952596   -0.304049   -0.010716    0.000932   -0.032306    0.999478
 198756.080432 3217014.5928  626680.4103 5453793.3407         40.6486        -62.5891        -16.9385   -0.305045   -0.951671   -0.035641    0.952333   -0.304954   -0.008080   -0.003179   -0.036407    0.999332
 198757.080602 3217055.3011  626617.8146 5453776.4840         40.7162        -62.6004        -16.7783   -0.306347   -0.951248   -0.035763    0.951826   -0.306627    0.002498   -0.013343   -0.033275    0.999357
 198758.080780 3217096.0407  626555.1898 5453759.7388         40.7186        -62.6334        -16.7627   -0.306400   -0.951329   -0.033061    0.951812   -0.306665    0.003144   -0.013130   -0.030504    0.999448
 198759.080960 3217136.6977  626492.5135 5453742.8727         40.5859        -62.7116        -16.8741   -0.300952   -0.952997   -0.034998    0.953466   -0.301395    0.008025   -0.018196   -0.030955    0.999355
 198760.081130 3217177.2775  626429.7578 5453726.1123         40.5791        -62.7771        -16.5802   -0.299974   -0.953192   -0.037953    0.953715   -0.300542    0.010138   -0.021070   -0.033155    0.999228
 198761.081309 3217217.8376  626366.9356 5453709.6278         40.4855        -62.8543        -16.4498   -0.299684   -0.953403   -0.034821    0.953897   -0.300068    0.006239   -0.016397   -0.031346    0.999374
 198762.081488 3217258.3071  626304.0348 5453693.2072         40.4146        -62.9324        -16.4104   -0.299293   -0.953581   -0.033260    0.954125   -0.299405   -0.001685   -0.008352   -0.032239    0.999445
 198763.081657 3217298.7055  626241.0681 5453676.7698         40.3745        -62.9712        -16.4606   -0.300059   -0.953285   -0.034827    0.953919   -0.299914   -0.009432   -0.001453   -0.036052    0.999349
 198764.081837 3217339.1202  626178.0842 5453660.3506         40.4682        -62.9627        -16.3371   -0.301557   -0.952760   -0.036209    0.953427   -0.301586   -0.004785   -0.006362   -0.035965    0.999333
 198765.082015 3217379.5831  626115.0884 5453644.0762         40.4366        -63.0159        -16.1577   -0.303014   -0.952331   -0.035325    0.952031   -0.304161    0.033515   -0.042662   -0.023475    0.998814
 198766.082186 3217419.8704  626051.9628 5453628.0303         39.9929        -63.2848        -15.9159   -0.296358   -0.954541   -0.031991    0.948704   -0.298079    0.105403   -0.110147    0.000887    0.993915
 198767.082365 3217459.3983  625988.3978 5453612.2931         38.9852        -63.8638        -15.5040   -0.280960   -0.959263   -0.029600    0.944751   -0.281872    0.167310   -0.168838    0.019043    0.985460
 198768.082543 3217497.6760  625924.1364 5453597.0450         37.5290        -64.6596        -14.8629   -0.255873   -0.966269   -0.029207    0.945117   -0.256394    0.202524   -0.203181    0.024216    0.978842
 198769.082714 3217534.4835  625859.0557 5453582.7011         36.0027        -65.4819        -13.9144   -0.225046   -0.973951   -0.027808    0.951049   -0.225779    0.211019   -0.211801    0.021042    0.977086
 198770.082893 3217569.6853  625793.1568 5453569.2958         34.4498        -66.2747        -12.7227   -0.193443   -0.980696   -0.028549    0.963074   -0.195360    0.185262   -0.187263    0.008343    0.982274
 198771.083063 3217603.4214  625726.5440 5453557.0548         33.0133        -66.9155        -11.8850   -0.170430   -0.985012   -0.026535    0.974019   -0.172482    0.146757   -0.149134   -0.000834    0.988817
 198772.083242 3217635.8774  625659.3682 5453545.5416         31.8555        -67.4123        -11.2125   -0.150122   -0.988270   -0.028035    0.981116   -0.152413    0.119088   -0.121964   -0.009628    0.992488
 198773.083420 3217667.1994  625591.7334 5453534.5260         30.8219        -67.8086        -10.7571   -0.133193   -0.990494   -0.034367    0.986228   -0.135890    0.094279   -0.098053   -0.021336    0.994952
 198774.083591 3217697.6817  625523.7960 5453524.1041         30.2239        -68.0032         -9.9536   -0.119776   -0.991897   -0.042345    0.990786   -0.122140    0.058525   -0.063223   -0.034945    0.997387
 198775.083770 3217727.7570  625455.7490 5453514.6101         29.9166        -68.0574         -9.1448   -0.115731   -0.992507   -0.039190    0.992727   -0.116893    0.028780   -0.033145   -0.035574    0.998817
 198776.083949 3217757.4702  625387.6434 5453505.4328         29.5984        -68.1199         -9.1451   -0.113839   -0.992944   -0.033197    0.993473   -0.114013    0.003408   -0.007169   -0.032593    0.999443
 198777.084119 3217787.0515  625319.4926 5453496.3448         29.5857        -68.1506         -9.0699   -0.111753   -0.993230   -0.031698    0.993613   -0.111181   -0.019271    0.015617   -0.033649    0.999312
 198778.084297 3217816.4428  625251.2925 5453486.9765         29.2918        -68.2017         -9.4860   -0.116061   -0.992636   -0.034695    0.992985   -0.115165   -0.026802    0.022609   -0.037562    0.999039
 198779.084477 3217845.8428  625183.1253 5453477.4182         29.4789        -68.1146         -9.5919   -0.120542   -0.991875   -0.040675    0.992546   -0.119680   -0.023023    0.017968   -0.043147    0.998907
 198780.084647 3217875.3788  625115.0569 5453467.7788         29.4058        -68.0339         -9.8383   -0.119796   -0.991904   -0.042143    0.992789   -0.119496   -0.009557    0.004444   -0.042984    0.999066
 198781.084825 3217904.7886  625047.0802 5453458.0309         29.4939        -67.8754         -9.4380   -0.122583   -0.991247   -0.049027    0.992455   -0.122562   -0.003452   -0.002587   -0.049081    0.998791
 198782.085005 3217934.4444  624979.3181 5453448.8828         29.6480        -67.6736         -9.1147   -0.124067   -0.991406   -0.041498    0.992256   -0.123704   -0.011227    0.005997   -0.042570    0.999076
 198783.085175 3217963.9633  624911.6457 5453439.5525         29.3264        -67.6717         -9.5969   -0.125355   -0.991421   -0.037013    0.992110   -0.125335   -0.002877   -0.001787   -0.037081    0.999311
 198784.085354 3217993.3099  624843.9864 5453429.9827         29.3510        -67.6226         -9.5069   -0.120740   -0.991830   -0.041178    0.992529   -0.121350    0.012642   -0.017536   -0.039344    0.999072
 198785.085533 3218022.6660  624776.3809 5453420.6180         29.3469        -67.5680         -9.1662   -0.113636   -0.992723   -0.039841    0.993491   -0.113859    0.003366   -0.007878   -0.039199    0.999200
 198786.085702 3218051.8724  624708.7924 5453411.3485         28.9901        -67.6040         -9.5193   -0.114841   -0.992778   -0.034692    0.993384   -0.114780   -0.003732   -0.000277   -0.034892    0.999391
 198787.085882 3218080.8293  624641.1823 5453401.7762         28.9959        -67.5626         -9.5482   -0.116650   -0.992310   -0.041393    0.993112   -0.116078   -0.015957    0.011030   -0.042969    0.999016
 198788.086061 3218109.9149  624573.6612 5453392.3189         29.1033        -67.4649         -9.4445   -0.119462   -0.991918   -0.042742    0.992821   -0.119095   -0.011041    0.005862   -0.043754    0.999025
 198789.086230 3218139.0396  624506.2241 5453382.8157         29.1469        -67.3858         -9.5317   -0.119892   -0.991886   -0.042277    0.992779   -0.119609   -0.009166    0.004035   -0.043071    0.999064
 198790.086410 3218168.1940  624438.8572 5453373.2798         29.2100        -67.3095         -9.4589   -0.119490   -0.991886   -0.043398    0.992835   -0.119336   -0.006127    0.000898   -0.043819    0.999039
 198791.086588 3218197.4495  624371.5821 5453363.8743         29.2772        -67.2252         -9.3771   -0.118719   -0.992040   -0.041980    0.992923   -0.118478   -0.008190    0.003151   -0.042655    0.999085
 198792.086758 3218226.6615  624304.3635 5453354.3933         29.1691        -67.1900         -9.4863   -0.117337   -0.992254   -0.040798    0.993092   -0.117271   -0.003995   -0.000820   -0.040984    0.999159
 198793.086938 3218255.8487  624237.1916 5453345.0034         29.2291        -67.1207         -9.3434   -0.119913   -0.991950   -0.040687    0.992781   -0.119709   -0.007419    0.002488   -0.041283    0.999144
 198794.087117 3218285.1288  624170.0886 5453335.7338         29.2397        -67.0882         -9.2656   -0.117632   -0.992439   -0.035043    0.993050   -0.117688   -0.000454   -0.003674   -0.034853    0.999386
 198795.087286 3218314.2083  624102.9451 5453326.4059         28.9164        -67.1638         -9.4433   -0.122417   -0.991908   -0.033657    0.992454   -0.122585    0.002970   -0.007072   -0.033040    0.999429
 198796.087466 3218342.9902  624035.7256 5453316.9892         28.5856        -67.2665         -9.3762   -0.122773   -0.991711   -0.037898    0.992333   -0.123218    0.009623   -0.014213   -0.036426    0.999235
 198797.087644 3218371.6624  623968.4521 5453307.8261         28.7518        -67.2372         -9.1084   -0.123945   -0.991648   -0.035673    0.991843   -0.122732   -0.034402    0.029736   -0.039646    0.998771
 198798.087815 3218400.3939  623901.2138 5453298.3676         28.7954        -67.2007         -9.7680   -0.124878   -0.991536   -0.035526    0.991800   -0.123770   -0.031835    0.027169   -0.039210    0.998862
 198799.087994 3218429.3691  623834.0386 5453288.7918         29.1105        -67.1233         -9.4744   -0.127710   -0.990990   -0.040366    0.991806   -0.127467   -0.008542    0.003319   -0.041126    0.999148
 198800.088164 3218458.6192  623766.9458 5453279.3629         29.1319        -67.0973         -9.6386   -0.127096   -0.991345   -0.032894    0.991880   -0.127174    0.000271   -0.004452   -0.032593    0.999459
 198801.088343 3218487.4759  623699.7846 5453269.3683         28.8019        -67.1579         -9.8856   -0.128119   -0.991003   -0.038723    0.991200   -0.129259    0.028547   -0.033296   -0.034724    0.998842
 198802.088522 3218516.3292  623632.6203 5453259.8573         28.8764        -67.1641         -9.0194   -0.121245   -0.991783   -0.040829    0.991020   -0.123283    0.051772   -0.056380   -0.034186    0.997824
 198803.088691 3218544.8879  623565.3687 5453250.7084         28.1803        -67.3355         -9.3103   -0.111925   -0.993165   -0.033096    0.992984   -0.113059    0.034651   -0.038156   -0.028986    0.998851
 198804.088871 3218572.8379  623497.9325 5453241.5491         27.9734        -67.4424         -8.8445   -0.116068   -0.992396   -0.040968    0.993176   -0.116435    0.006665   -0.011384   -0.039915    0.999138
 198805.089050 3218600.7422  623430.4444 5453232.6876         27.8853        -67.4634         -9.0415   -0.114374   -0.992641   -0.039785    0.993438   -0.114278   -0.004697    0.000116   -0.040061    0.999197
 198806.089219 3218628.6683  623363.0069 5453223.4741         28.0591        -67.3528         -9.1791   -0.101526   -0.993651   -0.048482    0.994526   -0.100165   -0.029735    0.024690   -0.051235    0.998381
 198807.089399 3218656.9915  623295.7765 5453214.5143         28.5571        -67.0808         -8.7698   -0.101507   -0.993531   -0.050920    0.994561   -0.100145   -0.028638    0.023353   -0.053550    0.998292
 198808.089578 3218685.6679  623228.7823 5453205.7137         28.7958        -66.8934         -8.8095   -0.103056   -0.993563   -0.047032    0.994367   -0.101732   -0.029738    0.024762   -0.049832    0.998451
 198809.089748 3218714.5303  623161.9535 5453196.7953         28.9156        -66.7577         -8.9442   -0.104213   -0.993503   -0.045741    0.994305   -0.103046   -0.027182    0.022292   -0.048313    0.998583
 198810.089927 3218743.6045  623095.2818 5453187.7764         29.1188        -66.5891         -9.2964   -0.104679   -0.993523   -0.044213    0.994183   -0.103409   -0.030115    0.025348   -0.047109    0.998568
 198811.090106 3218772.7878  623028.7403 5453178.5373         29.2059        -66.4810         -9.1136   -0.106091   -0.993254   -0.046810    0.994353   -0.106102   -0.002274   -0.002708   -0.046787    0.998901
 198812.090276 3218801.9629  622962.2897 5453169.4002         29.1467        -66.3994         -9.1105   -0.108082   -0.993182   -0.043677    0.994139   -0.107871   -0.007154    0.002394   -0.044194    0.999020
 198813.090454 3218831.1386  622895.9220 5453160.2639         29.1822        -66.3187         -9.3022   -0.106846   -0.993549   -0.037998    0.993981   -0.105806   -0.028406    0.024202   -0.040805    0.998874
 198814.090634 3218860.3221  622829.6092 5453150.7639         29.2280        -66.2731         -9.6141   -0.105084   -0.993743   -0.037842    0.994268   -0.104234   -0.023786    0.019692   -0.040124    0.999001
 198815.090804 3218889.6267  622763.3618 5453141.1534         29.3792        -66.1950         -9.5885   -0.105839   -0.993565   -0.040321    0.994302   -0.105224   -0.017094    0.012742   -0.041900    0.999041
 198816.090982 3218919.0723  622697.1933 5453131.5749         29.4955        -66.1213         -9.6245   -0.106346   -0.993612   -0.037749    0.994230   -0.105722   -0.018156    0.014049   -0.039462    0.999122
 198817.091162 3218948.6031  622631.0795 5453121.8748         29.5269        -66.0981         -9.8133   -0.104648   -0.993894   -0.034966    0.994412   -0.104081   -0.017666    0.013919   -0.036619    0.999232
 198818.091332 3218978.0808  622564.9427 5453112.0303         29.4711        -66.1315         -9.8824   -0.110252   -0.993250   -0.036046    0.993848   -0.109792   -0.014525    0.010469   -0.037426    0.999245
 198819.091510 3219007.5525  622498.8059 5453102.0505         29.5054        -66.1096        -10.0241   -0.112715   -0.992912   -0.037691    0.993539   -0.112118   -0.017583    0.013233   -0.039430    0.999135
 198820.091690 3219037.1908  622432.7223 5453092.0951         29.7160        -66.0533         -9.9265   -0.112058   -0.992991   -0.037565    0.993441   -0.111082   -0.027122    0.022759   -0.040358    0.998926
 198821.091860 3219066.9221  622366.6705 5453082.0393         29.7186        -66.0287        -10.2265   -0.115873   -0.992633   -0.035386    0.993043   -0.115022   -0.025219    0.020963   -0.038062    0.999055
 198822.092039 3219096.7575  622300.6604 5453071.8112         29.9500        -65.9501        -10.2302   -0.118531   -0.992204   -0.038501    0.992709   -0.117558   -0.026616    0.021883   -0.041375    0.998904
 198823.092217 3219126.8804  622234.7620 5453061.6321         30.1966        -65.8476        -10.1617   -0.119041   -0.992184   -0.037431    0.992703   -0.118203   -0.023865    0.019254   -0.039999    0.999014
 198824.092388 3219157.0833  622168.9146 5453051.4285         30.2540        -65.8089        -10.2455   -0.125212   -0.991483   -0.035817    0.992069   -0.124724   -0.015566    0.010966   -0.037482    0.999237
 198825.092567 3219187.4335  622103.1227 5453041.1149         30.3915        -65.7608        -10.3972   -0.123292   -0.991786   -0.034066    0.992330   -0.122904   -0.013239    0.008943   -0.035437    0.999332
 198826.092737 3219217.8191  622037.3503 5453030.6124         30.3513        -65.7644        -10.5786   -0.119987   -0.992124   -0.035964    0.992773   -0.119996   -0.001912   -0.002418   -0.035933    0.999351
 198827.092916 3219248.1867  621971.5771 5453020.1034         30.3735        -65.7535        -10.3985   -0.118725   -0.992136   -0.039629    0.992899   -0.118927    0.002780   -0.007471   -0.039017    0.999211
 198828.093095 3219278.5386  621905.8122 5453009.7692         30.3253        -65.7460        -10.3301   -0.119193   -0.992155   -0.037694    0.992846   -0.119376    0.002627   -0.007107   -0.037111    0.999286
 198829.093265 3219308.8439  621840.0580 5452999.4095         30.3044        -65.7322        -10.3286   -0.115719   -0.992572   -0.037560    0.993282   -0.115631   -0.004518    0.000141   -0.037831    0.999284
 198830.093444 3219339.1647  621774.3284 5452989.1265         30.3337        -65.6988        -10.2487   -0.115410   -0.992626   -0.037083    0.993317   -0.115270   -0.005898    0.001580   -0.037516    0.999295
 198831.093623 3219369.5119  621708.6271 5452978.8828         30.3225        -65.6885        -10.2483   -0.114267   -0.992796   -0.036056    0.993203   -0.114973    0.018151   -0.022166   -0.033737    0.999185
 198832.093793 3219399.7156  621642.8903 5452968.7110         30.0211        -65.7852        -10.0243   -0.109057   -0.993359   -0.036664    0.990692   -0.111639    0.077888   -0.081464   -0.027828    0.996288
 198833.093972 3219429.3897  621576.9780 5452958.8852         29.2072        -66.0499         -9.6077   -0.095515   -0.994823   -0.034697    0.983457   -0.099698    0.151235   -0.153911   -0.019678    0.987889
 198834.094151 3219457.9191  621510.7010 5452949.5489         27.7286        -66.5136         -8.9959   -0.069517   -0.997043   -0.032764    0.969233   -0.075279    0.234350   -0.236124   -0.015465    0.971600
 198835.094321 3219484.6399  621443.8735 5452941.0603         25.6014        -67.1355         -7.9160   -0.031397   -0.999050   -0.030216    0.950467   -0.039196    0.308344   -0.309235   -0.019039    0.950795
 198836.094500 3219508.9132  621376.3846 5452933.7913         22.8613        -67.8141         -6.5544    0.018662   -0.999433   -0.028030    0.934908    0.007506    0.354810   -0.354399   -0.032827    0.934518
 198837.094679 3219530.2258  621308.2525 5452928.0988         19.7107        -68.3981         -4.7765    0.076956   -0.996619   -0.028776    0.923793    0.060416    0.378095   -0.375078   -0.055680    0.925320
 198838.094849 3219548.2759  621239.6399 5452924.3452         16.3551        -68.7617         -2.6775    0.138578   -0.989859   -0.031234    0.915625    0.116040    0.384922   -0.377394   -0.081940    0.922420
 198839.095028 3219562.9252  621170.7949 5452922.7225         12.9532        -68.8539         -0.5488    0.199369   -0.979305   -0.034827    0.910290    0.171926    0.376583   -0.362802   -0.106782    0.925728
 198840.095207 3219574.2203  621102.0213 5452923.4281          9.6656        -68.6129          2.0013    0.257417   -0.965493   -0.039483    0.908268    0.227809    0.350930   -0.329826   -0.126196    0.935569
 198841.095377 3219582.3556  621033.5985 5452926.4923          6.6436        -68.2111          3.9356    0.303773   -0.952030   -0.036881    0.909826    0.278384    0.307765   -0.282735   -0.127046    0.950747
 198842.095556 3219587.6125  620965.5955 5452931.1047          3.9211        -67.7505          5.2653    0.346049   -0.937325   -0.040886    0.907631    0.323413    0.267601   -0.237606   -0.129713    0.962662
 198843.095734 3219590.3388  620898.1428 5452937.0770          1.6040        -67.1025          6.6531    0.381825   -0.922737   -0.052592    0.903674    0.360790    0.230661   -0.193865   -0.135599    0.971612
 198844.095905 3219590.9855  620831.4147 5452944.4238         -0.2781        -66.3249          7.9696    0.410890   -0.909675   -0.060499    0.899776    0.393938    0.187658   -0.146875   -0.131543    0.980369
 198845.096084 3219589.8638  620765.4437 5452952.8579         -1.7996        -65.5359          9.2085    0.431918   -0.899519   -0.065671    0.894830    0.418281    0.155950   -0.112811   -0.126122    0.985579
 198846.096263 3219587.5426  620700.3140 5452963.0132         -2.8550        -64.8689         10.3588    0.434849   -0.898700   -0.056967    0.899208    0.429962    0.080977   -0.048280   -0.086438    0.995087
 198847.096434 3219584.2843  620635.4885 5452973.0284         -3.4741        -64.6921         10.1105    0.453683   -0.889893   -0.047574    0.890962    0.451798    0.045450   -0.018952   -0.063006    0.997833
 198848.096612 3219580.6693  620570.9233 5452983.3273         -3.8017        -64.4052         10.4361    0.466766   -0.883059   -0.048328    0.884296    0.465268    0.039327   -0.012243   -0.061093    0.998057
 198849.096791 3219576.6205  620506.6275 5452993.7799         -4.3149        -64.1653         10.4526    0.473620   -0.879570   -0.045182    0.880635    0.472197    0.038875   -0.012859   -0.058201    0.998222
 198850.096962 3219572.0805  620442.5581 5453004.2809         -4.7614        -63.9539         10.5417    0.479119   -0.876637   -0.044182    0.877710    0.478014    0.033581   -0.008318   -0.054868    0.998459
 198851.097140 3219567.1106  620378.6749 5453014.8108         -5.1661        -63.7994         10.4922    0.483566   -0.874277   -0.042470    0.875299    0.483205    0.019076    0.003844   -0.046398    0.998916
 198852.097310 3219561.8190  620314.9346 5453025.3482         -5.3864        -63.6579         10.6042    0.486011   -0.872936   -0.042138    0.873825    0.486199    0.006345    0.014948   -0.039905    0.999092
 198853.097489 3219556.3341  620251.3085 5453035.9565         -5.5726        -63.5862         10.5776    0.485124   -0.873590   -0.038673    0.874159    0.485622   -0.004113    0.022373   -0.031811    0.999243
 198854.097668 3219550.7127  620187.7121 5453046.4925         -5.6356        -63.5988         10.4802    0.483688   -0.874469   -0.036740    0.874622    0.484498   -0.017245    0.032881   -0.023792    0.999176
 198855.097838 3219545.0821  620124.0870 5453056.9416         -5.5935        -63.6335         10.4390    0.481624   -0.875591   -0.037140    0.875580    0.482561   -0.022225    0.037383   -0.021815    0.999063
 198856.098017 3219539.5302  620060.4256 5453067.3704         -5.5058        -63.6749         10.3964    0.477527   -0.877890   -0.035731    0.877889    0.478392   -0.021255    0.035753   -0.021218    0.999135
 198857.098197 3219534.0276  619996.7070 5453077.6842         -5.4677        -63.7357         10.2765    0.474194   -0.879681   -0.036080    0.879885    0.474936   -0.015406    0.030688   -0.024441    0.999230
 198858.098366 3219528.5958  619932.9498 5453087.9910         -5.4074        -63.7508         10.3421    0.472126   -0.880792   -0.036083    0.881321    0.472511   -0.002471    0.019225   -0.030634    0.999346
 198859.098545 3219523.1653  619869.1837 5453098.3386         -5.4527        -63.7569         10.3675    0.472292   -0.880789   -0.033926    0.881361    0.472420    0.004631    0.011948   -0.032088    0.999414
 198860.098725 3219517.6543  619805.4127 5453108.7152         -5.5704        -63.7621         10.3940    0.474647   -0.879582   -0.032331    0.880138    0.474650    0.008083    0.008236   -0.032292    0.999445
 198861.098895 3219512.0048  619741.6507 5453119.1472         -5.7132        -63.7437         10.4735    0.476015   -0.878843   -0.032305    0.879415    0.475941    0.010445    0.006196   -0.033382    0.999423
 198862.099073 3219506.2216  619677.9018 5453129.6570         -5.8411        -63.7304         10.5737    0.478569   -0.877473   -0.031812    0.878031    0.478485    0.010722    0.005813   -0.033063    0.999436
 198863.099252 3219500.3055  619614.1687 5453140.2747         -5.9887        -63.7195         10.6616    0.480781   -0.876299   -0.030829    0.876812    0.480753    0.008789    0.007120   -0.031256    0.999486
 198864.099423 3219494.2768  619550.4360 5453151.0005         -6.0739        -63.7312         10.7578    0.482183   -0.875568   -0.029667    0.875962    0.482379    0.000606    0.013780   -0.026279    0.999560
 198865.099601 3219488.1433  619486.6675 5453161.7331         -6.1747        -63.7846         10.7074    0.482938   -0.875152   -0.029666    0.875424    0.483311   -0.006569    0.020087   -0.022798    0.999538
 198866.099780 3219481.9435  619422.8399 5453172.4286         -6.1962        -63.8469         10.6962    0.482884   -0.875128   -0.031225    0.875286    0.483433   -0.012934    0.026414   -0.021085    0.999429
 198867.099951 3219475.7804  619358.9529 5453183.1521         -6.1158        -63.9034         10.7480    0.481478   -0.875829   -0.033214    0.875918    0.482166   -0.016861    0.030782   -0.020975    0.999306
 198868.100129 3219469.6995  619295.0056 5453193.8867         -6.0482        -63.9745         10.6862    0.479263   -0.877029   -0.033558    0.877028    0.480026   -0.019943    0.033599   -0.019874    0.999238
 198869.100308 3219463.7039  619230.9795 5453204.5346         -5.9342        -64.0512         10.6201    0.477399   -0.877981   -0.035214    0.878040    0.478202   -0.019194    0.033691   -0.021756    0.999195
 198870.100479 3219457.8336  619166.8949 5453215.1683         -5.8148        -64.0897         10.6508    0.474999   -0.879235   -0.036374    0.879520    0.475687   -0.012915    0.028658   -0.025858    0.999255
 198871.100658 3219452.0484  619102.7788 5453225.8036         -5.7518        -64.1223         10.6148    0.472728   -0.880470   -0.036073    0.880911    0.473236   -0.006625    0.022904   -0.028645    0.999327
 198872.100836 3219446.2978  619038.6402 5453236.4138         -5.7538        -64.1307         10.5967    0.472537   -0.880570   -0.036123    0.881088    0.472943   -0.003110    0.019823   -0.030358    0.999343
 198873.101007 3219440.6100  618974.5018 5453247.0796         -5.5754        -64.1260         10.8032    0.474125   -0.879748   -0.035342    0.880271    0.474469   -0.001532    0.018116   -0.030384    0.999374
 198874.101186 3219435.0688  618910.3694 5453258.0144         -5.6269        -64.1177         11.0115    0.476395   -0.878769   -0.028516    0.879115    0.476608   -0.000769    0.014266   -0.024703    0.999593
 198875.101364 3219429.2367  618846.1854 5453268.8284         -5.9689        -64.2734         10.5527    0.473300   -0.880614   -0.022477    0.880820    0.473448   -0.001448    0.011917   -0.019113    0.999746
 198876.101535 3219423.1296  618781.8510 5453279.2734         -6.1763        -64.3233         10.5357    0.476284   -0.878716   -0.031802    0.879282    0.476131    0.012717    0.003967   -0.034019    0.999413
 198877.101714 3219416.9565  618717.5519 5453290.0118         -6.2215        -64.2550         10.8491    0.477342   -0.878080   -0.033462    0.878717    0.477028    0.017317    0.000757   -0.037670    0.999290
 198878.101892 3219410.5588  618653.2907 5453300.7560         -6.5763        -64.2462         10.6215    0.481151   -0.875975   -0.034070    0.876625    0.480992    0.013261    0.004771   -0.036247    0.999331
 198879.102063 3219403.9250  618589.0823 5453311.4735         -6.5984        -64.1252         10.9222    0.484259   -0.873904   -0.042252    0.874821    0.484380    0.008020    0.013457   -0.040847    0.999075
 198880.102242 3219397.4293  618525.0308 5453322.6676         -6.4215        -63.9783         11.3612    0.486083   -0.873020   -0.039501    0.873559    0.486676   -0.006470    0.024873   -0.031361    0.999199
 198881.102421 3219390.9343  618461.0437 5453333.9357         -6.5931        -64.0008         11.1073    0.485298   -0.873735   -0.032751    0.873861    0.485938   -0.015209    0.029203   -0.021240    0.999348
 198882.102591 3219384.3424  618396.9788 5453344.9222         -6.5280        -64.1043         10.9157    0.482899   -0.874896   -0.036960    0.874717    0.483915   -0.026384    0.040969   -0.019589    0.998968
 198883.102770 3219377.9537  618332.8273 5453355.8625         -6.2374        -64.1733         10.9956    0.481626   -0.875504   -0.039114    0.875167    0.482826   -0.031005    0.046030   -0.019299    0.998754
 198884.102940 3219371.7339  618268.6040 5453366.7221         -6.2257        -64.2290         10.8131    0.480632   -0.876049   -0.039126    0.876502    0.481305   -0.009508    0.027161   -0.029724    0.999189
 198885.103120 3219365.5794  618204.3720 5453377.6659         -6.1499        -64.2448         10.8604    0.476690   -0.878258   -0.037818    0.878512    0.477480   -0.015142    0.031356   -0.026006    0.999170
 198886.103298 3219359.3475  618140.0773 5453388.3356         -6.3108        -64.3020         10.5413    0.476571   -0.878166   -0.041281    0.878918    0.476973    0.000118    0.019586   -0.036339    0.999148
 198887.103468 3219353.0742  618075.8401 5453399.1229         -6.2589        -64.1049         11.1288    0.473724   -0.879366   -0.047970    0.880172    0.470913    0.059482   -0.029717   -0.070400    0.997076
 198888.103647 3219346.5738  618011.8645 5453410.4005         -6.9228        -63.8228         11.2893    0.480910   -0.875834   -0.040494    0.871510    0.472463    0.131332   -0.095893   -0.098450    0.990511
 198889.103826 3219339.0140  617948.2423 5453421.7931         -8.2556        -63.3338         11.6526    0.502384   -0.863624   -0.041989    0.849384    0.483852    0.210795   -0.161732   -0.141565    0.976628
 198890.103996 3219329.8749  617885.3108 5453433.9157        -10.1481        -62.4428         12.6212    0.533322   -0.844839   -0.042608    0.815587    0.500184    0.290917   -0.224466   -0.189903    0.955799
 198891.104175 3219318.4954  617823.4516 5453447.1205        -12.6955        -61.1960         13.8070    0.571208   -0.819836   -0.039878    0.777110    0.524521    0.347818   -0.264237   -0.229666    0.936714
 198892.104354 3219304.3383  617763.0083 5453461.5799        -15.6598        -59.6109         15.1422    0.615136   -0.787479   -0.038538    0.739187    0.559030    0.375617   -0.274247   -0.259542    0.925973
 198893.104524 3219287.1466  617704.3286 5453477.5067        -18.7056        -57.6914         16.6876    0.659238   -0.750837   -0.040606    0.704580    0.597959    0.382115   -0.262625   -0.280515    0.923222
 198894.104703 3219266.9652  617647.6959 5453494.9743        -21.6136        -55.4990         18.2841    0.703693   -0.709127   -0.044205    0.669466    0.640925    0.375540   -0.237973   -0.293859    0.925751
 198895.104882 3219243.9828  617593.4423 5453514.2232        -24.3217        -52.9952         20.1106    0.742364   -0.668488   -0.044942    0.634040    0.679261    0.369592   -0.216540   -0.302867    0.928107
 198896.105052 3219218.3098  617541.6833 5453535.0373        -27.0430        -50.5604         21.3089    0.778255   -0.626697   -0.039622    0.593023    0.712757    0.374568   -0.206500   -0.315007    0.926352
 198897.105231 3219190.0054  617492.3434 5453556.9818        -29.3895        -48.1360         22.6406    0.813384   -0.580313   -0.040544    0.557337    0.757416    0.340143   -0.166680   -0.299263    0.939499
 198898.105411 3219159.4697  617445.5033 5453580.2386        -31.6420        -45.5355         23.8076    0.844014   -0.534857   -0.039613    0.512486    0.782525    0.353571   -0.158112   -0.318720    0.934568
 198899.105580 3219126.7326  617401.2512 5453604.4805        -33.8048        -42.8836         24.7317    0.873056   -0.486008   -0.039624    0.466709    0.809309    0.356652   -0.141268   -0.329870    0.933397
